OrderDate,Region,Category,Product,CustomerGender,CustomerAge,Quantity,UnitPrice,Revenue
2023-04-13,Central,Clothing,T-Shirt,Male,42.0,5,1012.98,5064.91
2024-03-11,North,Electronics,Smartphone,Female,21.0,3,3076.09,9228.27
2023-09-28,West,Grocery,Rice 5kg,Male,32.0,5,368.92,1844.58
2023-04-17,Central,Beauty,Perfume,Male,30.0,4,693.18,2772.74
2023-03-13,Central,Electronics,Smartphone,Male,36.0,2,4382.05,8764.1
2024-12-01,West,Home & Kitchen,Cookware Set,Male,46.0,2,1853.08,5003.31
2023-01-21,South,Electronics,Smartphone,Female,36.0,3,3147.78,9443.33
2024-09-06,South,Grocery,Rice 5kg,Female,36.0,5,428.33,2141.64
2023-05-02,West,Clothing,T-Shirt,Male,34.0,1,1228.31,1228.31
2024-04-11,Central,Clothing,Jeans,Female,42.0,4,944.61,3778.44
2023-08-03,East,Beauty,Shampoo,Male,27.0,5,592.41,2962.04
2023-11-27,South,Home & Kitchen,Vacuum Cleaner,Female,17.0,1,1131.92,1528.09
2024-04-03,North,Grocery,Snacks Pack,Male,41.0,4,463.63,1854.52
2023-03-29,North,Clothing,Sneakers,Female,38.0,4,785.25,3141.01
2024-01-08,West,Clothing,Jacket,Female,48.0,2,670.29,1340.59
2023-04-10,South,Grocery,Snacks Pack,Male,16.0,3,376.61,1129.84
2024-10-25,Central,Electronics,Laptop,Female,32.0,5,4134.82,27910.0
2023-05-11,West,Clothing,T-Shirt,Female,35.0,4,886.18,3544.72
2024-10-23,North,Clothing,Jacket,Female,17.0,5,1123.33,7582.49
2023-11-05,East,Grocery,Snacks Pack,Male,33.0,4,449.92,2429.55
2023-12-10,South,Sports,Football,Male,47.0,2,1119.89,3023.7
2024-05-06,East,Sports,Cricket Bat,Female,56.0,3,1225.04,3675.11
2024-02-18,West,Home & Kitchen,Bedsheet,Male,44.0,1,1610.61,1288.49
2024-01-21,West,Clothing,Sneakers,Female,30.0,1,1221.69,1221.69
2023-07-11,Central,Home & Kitchen,Vacuum Cleaner,Male,47.0,2,1811.78,3623.56
2023-10-04,South,Beauty,Lipstick,Male,44.0,4,808.64,4366.68
2023-06-10,North,Clothing,Sneakers,Male,28.0,2,768.61,1537.21
2024-04-04,West,Sports,Dumbbells,Female,27.0,3,1008.88,3026.65
2023-11-10,North,Clothing,Jacket,Male,32.0,1,674.68,910.81
2023-01-22,South,Sports,Dumbbells,Female,22.0,5,1154.93,5774.65
2023-09-10,North,Beauty,Perfume,Male,30.0,1,787.05,787.05
2024-07-14,West,Beauty,Shampoo,Female,39.0,3,557.28,1671.83
2024-04-19,North,Clothing,Jeans,Female,45.0,4,710.82,2843.27
2023-02-28,West,Electronics,Smartwatch,Male,29.0,2,2393.32,3829.31
2024-05-25,Central,Clothing,Jeans,Male,49.0,1,911.93,911.93
2024-11-12,North,Clothing,Jacket,Male,41.0,1,733.33,990.0
2024-04-20,North,Electronics,Smartphone,Male,41.0,5,3015.27,15076.37
2024-11-30,South,Home & Kitchen,Bedsheet,Female,23.0,2,1910.98,5159.64
2023-07-09,Central,Clothing,Jacket,Male,53.0,5,871.95,4359.75
2024-11-17,North,Grocery,Rice 5kg,Male,40.0,5,394.42,2662.32
2024-07-16,South,Grocery,Snacks Pack,Female,30.0,4,368.03,1472.12
2024-07-20,North,Electronics,Smartphone,Male,28.0,1,3849.51,3849.51
2023-09-01,West,Sports,Cricket Bat,Female,30.0,2,890.25,1780.49
2024-05-19,South,Electronics,Laptop,Male,22.0,4,4301.79,17207.15
2023-05-11,West,Home & Kitchen,Mixer,Female,44.0,4,1725.81,6903.26
2024-04-29,Central,Home & Kitchen,Mixer,Male,23.0,4,1334.5,5338.01
2024-10-08,South,Beauty,Face Cream,Male,37.0,3,471.77,1910.65
2023-01-21,West,Electronics,Laptop,Male,29.0,3,2575.39,7726.16
2023-06-16,North,Home & Kitchen,Cookware Set,Male,41.0,4,1871.8,7487.18
2023-10-01,Central,Grocery,Snacks Pack,Male,42.0,3,389.09,1575.8
2024-01-23,West,Clothing,Jeans,Male,26.0,2,869.88,1739.76
2024-08-23,Central,Grocery,Snacks Pack,Female,33.0,1,326.56,326.56
2023-11-12,North,Sports,Yoga Mat,Male,18.0,2,1428.93,3858.12
2023-01-14,North,Sports,Yoga Mat,Female,52.0,1,1443.57,1443.57
2023-08-30,South,Electronics,Smartphone,Male,45.0,3,3542.03,10626.08
2023-12-12,South,Clothing,Jacket,Female,18.0,2,960.46,2593.25
2024-07-18,South,Clothing,T-Shirt,Female,24.0,5,1144.36,5721.81
2023-12-06,South,Clothing,Jacket,Male,32.0,4,1102.08,5951.24
2023-04-02,North,Clothing,T-Shirt,Male,34.0,1,882.2,882.2
2024-01-02,South,Clothing,Sneakers,Male,26.0,1,682.13,682.13
2024-03-30,West,Sports,Dumbbells,Male,21.0,5,1361.75,6808.73
2024-03-03,East,Sports,Football,Male,38.0,5,899.9,4499.5
2024-05-23,North,Electronics,Smartphone,Female,53.0,4,2276.68,9106.74
2023-02-04,South,Clothing,Sneakers,Female,34.0,3,1161.28,2787.07
2023-07-25,North,Clothing,Jacket,Male,30.0,2,994.3,1988.6
2023-03-22,Central,Clothing,Jacket,Female,29.0,2,1191.75,2383.5
2024-07-15,North,Grocery,Snacks Pack,Female,21.0,2,363.72,727.45
2024-01-23,West,Grocery,Beverages,Female,26.0,3,471.99,1415.96
2023-01-02,Central,Beauty,Face Cream,Male,46.0,4,568.67,2274.67
2024-01-25,Central,Grocery,Cooking Oil,Male,16.0,2,422.51,845.02
2024-07-19,West,Home & Kitchen,Mixer,Male,34.0,1,1366.04,1366.04
2023-04-16,Central,Grocery,Beverages,Female,34.0,1,245.29,245.29
2024-04-21,Central,Clothing,T-Shirt,Male,35.0,1,869.24,869.24
2024-12-03,West,Home & Kitchen,Vacuum Cleaner,Male,42.0,5,1824.65,12316.41
2024-02-06,East,Home & Kitchen,Vacuum Cleaner,Male,34.0,5,1207.53,4830.1
2024-12-30,West,Electronics,Headphones,Male,29.0,3,3370.76,13651.56
2024-07-09,East,Clothing,Sneakers,Female,26.0,2,763.76,1527.53
2023-06-11,West,Clothing,T-Shirt,Male,48.0,5,677.01,3385.07
2023-07-21,East,Sports,Yoga Mat,Female,45.0,1,1245.44,1245.44
2023-09-27,North,Clothing,Jacket,Female,65.0,5,1229.74,6148.7
2023-09-28,North,Clothing,Sneakers,Male,30.0,1,825.74,825.74
2024-03-31,North,Clothing,T-Shirt,Male,26.0,2,995.81,1991.61
2024-04-06,South,Grocery,Snacks Pack,Female,,3,478.63,1435.9
2024-12-27,North,Electronics,Laptop,Male,38.0,4,3697.08,19964.25
2023-09-09,East,Sports,Cricket Bat,Male,40.0,4,1288.3,5153.19
2024-12-02,South,Beauty,Face Cream,Male,43.0,1,495.15,668.45
2023-10-23,Central,Home & Kitchen,Cookware Set,Female,40.0,5,1567.24,10578.87
2024-12-25,North,Grocery,Beverages,Female,45.0,5,334.94,2260.81
2024-12-20,South,Electronics,Smartwatch,Male,47.0,1,3294.94,4448.17
2023-12-04,West,Clothing,T-Shirt,Male,47.0,2,1134.52,3063.21
2023-02-22,East,Grocery,Beverages,Male,16.0,1,357.87,286.3
2023-08-05,North,Electronics,Laptop,Female,36.0,2,2380.79,4761.57
2023-07-07,Central,Clothing,T-Shirt,Male,23.0,3,1200.49,3601.47
2024-01-15,Central,Home & Kitchen,Mixer,Female,45.0,3,1622.06,4866.17
2024-05-07,South,Clothing,T-Shirt,Male,16.0,1,1212.43,1212.43
2023-02-10,South,Sports,Football,Female,50.0,3,1210.71,2905.71
2023-06-06,Central,Electronics,Smartwatch,Male,24.0,5,2395.99,11979.93
2023-01-15,West,Grocery,Cooking Oil,Female,21.0,2,380.45,760.91
2023-03-06,East,Home & Kitchen,Vacuum Cleaner,Male,37.0,4,1654.53,6618.1
2024-06-04,Central,Grocery,Beverages,Female,29.0,4,297.51,1190.05
2023-12-10,South,Clothing,Jeans,Male,53.0,3,926.75,3753.33
2023-05-09,South,Home & Kitchen,Mixer,Male,48.0,2,1532.41,3064.83
2024-10-09,South,Beauty,Shampoo,Male,28.0,5,681.61,4600.85
2024-04-16,West,Home & Kitchen,Mixer,Female,45.0,4,1322.59,5290.38
2023-03-04,East,Clothing,Jeans,Female,28.0,5,996.5,4982.51
2023-05-19,West,Home & Kitchen,Cookware Set,Male,27.0,5,1303.0,6515.0
2024-05-13,South,Grocery,Cooking Oil,Female,41.0,4,354.38,1417.52
2024-08-15,South,Home & Kitchen,Mixer,Female,50.0,4,1178.84,4715.36
2024-01-27,East,Sports,Football,Female,29.0,3,798.72,2396.16
2024-11-05,West,Clothing,Sneakers,Female,29.0,2,831.97,2246.32
2024-02-23,East,Home & Kitchen,Bedsheet,Female,37.0,1,1338.3,1070.64
2023-10-16,North,Grocery,Beverages,Male,24.0,2,344.7,930.69
2024-01-14,Central,Grocery,Rice 5kg,Female,51.0,1,480.69,480.69
2024-05-04,North,Beauty,Face Cream,Female,24.0,4,639.34,2557.35
2023-08-19,Central,Sports,Dumbbells,Female,27.0,5,1195.95,5979.73
2023-02-10,North,Home & Kitchen,Bedsheet,Male,53.0,2,2038.68,3261.89
2023-01-28,West,Electronics,Smartwatch,Male,36.0,5,4303.37,21516.85
2023-05-15,North,Electronics,Laptop,Male,55.0,2,4220.41,8440.82
2023-07-20,Central,Grocery,Beverages,Female,31.0,2,269.01,538.02
2023-02-02,East,Beauty,Shampoo,Female,61.0,5,686.4,2745.62
2023-02-17,North,Clothing,Jacket,Male,40.0,3,1139.1,2733.85
2024-05-17,South,Electronics,Laptop,Female,25.0,4,4111.69,16446.75
2024-02-11,North,Electronics,Headphones,Female,25.0,3,3534.51,8482.83
2024-07-27,North,Beauty,Shampoo,Female,17.0,3,427.35,1282.04
2024-12-28,Central,Clothing,T-Shirt,Male,19.0,2,1243.44,3357.29
2023-04-09,East,Clothing,T-Shirt,Female,26.0,4,927.48,3709.94
2024-11-14,West,Home & Kitchen,Cookware Set,Male,23.0,2,1463.28,3950.84
2024-12-26,West,Beauty,Face Cream,Female,16.0,1,585.88,790.94
2024-06-30,West,Grocery,Cooking Oil,Male,43.0,2,348.92,697.83
2024-09-04,North,Grocery,Cooking Oil,Male,42.0,5,304.33,1521.67
2024-04-06,South,Electronics,Headphones,Female,37.0,2,2973.23,5946.45
2024-10-04,West,Home & Kitchen,Bedsheet,Male,21.0,1,2084.63,2814.24
2023-01-05,Central,Grocery,Rice 5kg,Male,52.0,2,335.2,670.4
2023-08-06,South,Sports,Yoga Mat,Female,32.0,1,1175.58,1175.58
2024-05-17,South,Clothing,T-Shirt,Female,24.0,4,1164.43,4657.7
2024-02-02,East,Electronics,Smartphone,Male,36.0,2,3421.44,5474.3
2024-01-28,Central,Electronics,Laptop,Male,35.0,1,2966.78,2966.78
2023-07-26,South,Clothing,Jeans,Male,16.0,4,959.96,3839.85
2023-01-15,South,Beauty,Lipstick,Male,33.0,5,467.92,2339.58
2024-07-07,Central,Electronics,Smartwatch,Male,35.0,3,2531.22,7593.65
2024-04-05,North,Home & Kitchen,Vacuum Cleaner,Female,29.0,1,1778.81,1778.81
2024-11-21,North,Clothing,Sneakers,Male,19.0,5,1208.0,8154.0
2024-07-28,East,Electronics,Smartwatch,Male,19.0,4,3865.52,15462.08
2023-08-29,Central,Home & Kitchen,Mixer,Male,39.0,5,1128.34,5641.72
2024-07-17,South,Clothing,T-Shirt,Male,42.0,2,883.82,1767.65
2023-04-06,East,Clothing,Sneakers,Female,29.0,3,631.61,1894.83
2024-04-29,East,Grocery,Beverages,Female,38.0,1,370.25,370.25
2024-02-11,East,Home & Kitchen,Mixer,Male,28.0,4,1252.86,4009.17
2023-08-19,West,Electronics,Smartwatch,Male,24.0,3,4184.65,12553.95
2024-10-16,East,Sports,Dumbbells,Male,36.0,4,850.34,4591.83
2023-06-20,East,Grocery,Cooking Oil,Female,21.0,5,245.35,1226.76
2024-06-24,East,Grocery,Beverages,Female,54.0,4,355.53,1422.12
2023-02-05,East,Electronics,Laptop,Male,18.0,4,2588.17,8282.15
2024-06-08,East,Electronics,Smartphone,Male,37.0,5,3893.09,19465.45
2023-06-09,Central,Electronics,Laptop,Female,35.0,5,4300.65,21503.27
2024-11-29,North,Electronics,Smartwatch,Female,34.0,3,2333.94,9452.46
2023-08-31,Central,Clothing,T-Shirt,Female,50.0,1,879.22,879.22
2023-03-27,Central,Sports,Football,Male,16.0,5,1537.55,7687.74
2024-07-31,South,Home & Kitchen,Mixer,Male,38.0,3,1819.31,5457.92
2024-11-12,East,Clothing,Jeans,Male,30.0,4,1230.51,6644.74
2024-07-10,South,Home & Kitchen,Mixer,Female,40.0,4,1222.29,4889.15
2024-07-27,North,Electronics,Smartphone,Female,34.0,2,2735.87,5471.73
2024-10-07,South,Grocery,Cooking Oil,Male,33.0,5,282.93,1909.77
2023-01-28,North,Home & Kitchen,Vacuum Cleaner,Male,20.0,3,1367.49,4102.46
2024-09-11,South,Grocery,Rice 5kg,Male,26.0,3,422.47,1267.42
2024-07-09,West,Sports,Yoga Mat,Male,68.0,1,897.01,897.01
2023-12-06,South,Clothing,Jacket,Male,40.0,3,960.27,3889.08
2023-11-27,West,Home & Kitchen,Mixer,Female,45.0,5,1332.67,8995.53
2024-10-01,East,Sports,Football,Male,30.0,3,1408.48,5704.35
2024-05-20,Central,Grocery,Snacks Pack,Male,24.0,2,246.62,493.23
2023-12-14,East,Home & Kitchen,Mixer,Female,42.0,4,1284.27,6935.06
2024-04-17,North,Sports,Football,Male,16.0,4,1236.04,4944.14
2023-08-19,West,Electronics,Laptop,Male,26.0,3,2456.63,7369.89
2023-07-09,North,Sports,Yoga Mat,Male,30.0,3,1129.06,3387.18
2023-08-13,East,Electronics,Laptop,Female,44.0,3,3217.1,9651.31
2024-01-20,Central,Home & Kitchen,Cookware Set,Female,38.0,3,1945.15,5835.45
2024-01-12,North,Beauty,Perfume,Male,28.0,2,682.67,1365.33
2023-10-10,South,Clothing,Jeans,Male,38.0,5,1033.01,6972.83
2024-09-24,West,Home & Kitchen,Bedsheet,Male,30.0,2,2049.4,4098.8
2024-09-19,Central,Clothing,Jacket,Female,45.0,2,1248.89,2497.77
2023-09-16,West,Sports,Dumbbells,Female,36.0,2,1273.11,2546.23
2023-12-25,South,Beauty,Face Cream,Female,53.0,4,639.24,3451.9
2024-12-10,West,Grocery,Snacks Pack,Male,30.0,2,393.94,1063.64
2024-03-31,South,Home & Kitchen,Mixer,Female,47.0,3,1451.57,4354.7
2024-02-15,West,Beauty,Face Cream,Female,34.0,2,834.73,1335.57
2024-10-10,Central,Clothing,T-Shirt,Female,26.0,3,1074.16,4350.36
2023-11-14,West,Home & Kitchen,Bedsheet,Female,62.0,5,1355.56,9150.01
2024-11-07,Central,Grocery,Cooking Oil,Male,48.0,4,259.15,1399.42
2023-08-13,North,Clothing,Sneakers,Male,36.0,5,658.17,3290.87
2023-08-22,West,Electronics,Smartwatch,Male,42.0,5,2699.01,13495.03
2024-11-14,Central,Electronics,Headphones,Male,22.0,4,2761.73,14913.32
2024-10-25,North,Electronics,Laptop,Female,22.0,3,3169.7,12837.29
2024-01-09,Central,Beauty,Shampoo,Female,46.0,3,510.24,1530.71
2024-11-02,South,Home & Kitchen,Mixer,Female,34.0,3,1712.46,6935.45
2024-08-30,West,Grocery,Cooking Oil,Male,32.0,4,296.76,1187.03
2024-04-16,West,Clothing,Sneakers,Male,30.0,2,748.36,1496.72
2023-08-21,West,Clothing,Jeans,Female,35.0,1,926.88,926.88
2024-11-22,North,Clothing,Jeans,Male,31.0,2,1189.86,3212.63
2023-04-23,East,Grocery,Snacks Pack,Male,16.0,2,359.73,719.47
2024-05-11,East,Grocery,Rice 5kg,Female,49.0,5,346.39,1731.96
2024-03-17,Central,Sports,Football,Female,32.0,1,1215.13,1215.13
2024-07-17,South,Grocery,Cooking Oil,Male,54.0,3,308.02,924.05
2023-09-25,South,Home & Kitchen,Bedsheet,Female,16.0,2,1421.11,2842.22
2024-05-24,West,Grocery,Beverages,Female,16.0,4,297.39,1189.56
2024-01-21,South,Sports,Football,Female,30.0,2,1210.29,2420.59
2024-01-22,West,Grocery,Rice 5kg,Female,44.0,3,415.86,1247.58
2023-04-23,West,Electronics,Smartphone,Male,20.0,2,3749.08,7498.17
2024-09-04,Central,Home & Kitchen,Cookware Set,Female,20.0,5,1317.56,6587.79
2024-09-16,East,Grocery,Snacks Pack,Male,38.0,5,436.01,2180.07
2023-03-22,East,Grocery,Rice 5kg,Male,30.0,2,307.71,615.42
2024-11-29,North,Clothing,Jacket,Female,39.0,5,724.7,4891.7
2023-04-23,North,Beauty,Face Cream,Female,30.0,4,566.92,2267.68
2023-01-02,North,Sports,Cricket Bat,Female,38.0,1,1230.26,1230.26
2024-10-03,North,Clothing,T-Shirt,Female,49.0,2,719.46,1942.55
2023-08-08,West,Beauty,Perfume,Female,20.0,4,692.2,2768.79
2024-07-19,West,Electronics,Laptop,Female,47.0,4,4173.27,16693.09
2023-08-13,East,Electronics,Laptop,Male,16.0,4,2896.63,11586.54
2024-01-20,Central,Electronics,Smartwatch,Male,40.0,3,3248.46,9745.39
2024-02-07,Central,Electronics,Laptop,Male,49.0,2,2751.42,4402.26
2024-09-29,Central,Beauty,Lipstick,Male,28.0,2,571.73,1143.46
2023-05-10,West,Electronics,Smartwatch,Male,41.0,2,2289.21,4578.43
2023-02-22,East,Clothing,Sneakers,Female,28.0,1,1230.87,984.7
2024-11-14,East,Electronics,Smartphone,Female,40.0,4,3171.59,17126.61
2024-12-30,North,Clothing,Jeans,Female,16.0,2,1126.99,3042.87
2024-11-02,South,Electronics,Smartphone,Female,35.0,5,2559.52,17276.77
2024-12-10,Central,Grocery,Beverages,Female,38.0,3,444.03,1798.31
2024-02-20,West,Electronics,Smartwatch,Male,48.0,1,4166.73,3333.38
2023-09-04,North,Beauty,Face Cream,Male,44.0,3,720.5,2161.5
2024-03-14,East,Beauty,Lipstick,Male,32.0,4,799.35,3197.39
2023-07-22,West,Electronics,Smartphone,Female,36.0,5,2614.52,13072.61
2023-07-03,North,Beauty,Lipstick,Male,18.0,4,620.12,2480.49
2023-05-03,South,Electronics,Smartwatch,Female,52.0,2,3629.05,7258.09
2024-02-05,Central,Clothing,T-Shirt,Female,41.0,3,1005.6,2413.44
2023-10-21,South,Electronics,Smartwatch,Male,16.0,5,4168.73,28138.94
2023-10-07,North,Clothing,Jacket,Male,36.0,3,765.89,3101.84
2024-09-01,East,Home & Kitchen,Mixer,Male,37.0,1,1234.43,1234.43
2023-07-17,Central,Grocery,Beverages,Male,25.0,5,307.08,1535.39
2024-05-25,East,Clothing,Sneakers,Female,35.0,1,1191.68,1191.68
2023-05-24,South,Grocery,Rice 5kg,Female,24.0,5,475.55,2377.76
2024-08-31,South,Electronics,Smartwatch,Female,18.0,2,3515.97,7031.94
2023-07-20,East,Grocery,Cooking Oil,Female,27.0,3,367.84,1103.51
2023-05-04,East,Clothing,Jacket,Female,35.0,3,1011.39,3034.18
2023-07-06,West,Electronics,Laptop,Female,44.0,4,3620.53,14482.12
2023-11-22,North,Electronics,Smartphone,Male,34.0,5,2621.48,17695.01
2024-04-08,Central,Electronics,Smartwatch,Female,44.0,5,3777.56,18887.8
2023-12-15,North,Home & Kitchen,Bedsheet,Male,41.0,1,1524.97,2058.71
2024-10-21,South,Beauty,Perfume,Male,22.0,5,637.3,4301.78
2024-02-07,North,Electronics,Smartwatch,Male,41.0,3,2307.91,5538.98
2023-12-12,South,Grocery,Snacks Pack,Female,41.0,5,432.32,2918.14
2024-05-25,East,Grocery,Snacks Pack,Male,53.0,4,449.68,1798.72
2023-05-27,East,Beauty,Shampoo,Male,38.0,4,680.16,2720.63
2023-05-28,North,Clothing,Jacket,Female,,3,1101.7,3305.09
2024-12-11,West,Home & Kitchen,Bedsheet,Female,27.0,3,1598.84,6475.31
2024-05-03,North,Sports,Dumbbells,Female,16.0,3,1246.13,3738.4
2024-10-01,West,Grocery,Rice 5kg,Female,39.0,5,341.67,2306.27
2024-07-04,Central,Clothing,Sneakers,Female,52.0,5,1128.88,5644.4
2023-12-04,South,Electronics,Headphones,Female,16.0,2,3288.93,8880.1
2024-10-02,East,Clothing,Jacket,Male,52.0,1,1058.53,1429.02
2024-04-17,South,Home & Kitchen,Bedsheet,Female,39.0,5,1702.5,8512.5
2023-05-31,North,Grocery,Cooking Oil,Female,22.0,2,417.07,834.13
2024-02-19,South,Electronics,Smartphone,Male,36.0,2,3998.88,6398.21
2023-10-25,West,Home & Kitchen,Cookware Set,Male,22.0,4,1588.35,8577.09
2024-09-02,East,Home & Kitchen,Vacuum Cleaner,Male,38.0,5,1903.72,9518.6
2023-09-20,North,Home & Kitchen,Vacuum Cleaner,Female,34.0,2,1572.12,3144.24
2023-05-24,Central,Grocery,Rice 5kg,Male,37.0,4,479.38,1917.5
2023-12-12,East,Beauty,Shampoo,Female,23.0,1,736.12,993.76
2024-09-15,Central,Clothing,T-Shirt,Female,25.0,4,737.82,2951.28
2024-07-25,East,Beauty,Face Cream,Female,39.0,1,768.43,768.43
2023-01-02,East,Electronics,Smartwatch,Female,28.0,3,3475.56,10426.67
2023-10-31,North,Electronics,Smartwatch,Male,35.0,3,4445.19,18003.03
2023-09-11,North,Clothing,Jeans,Male,38.0,4,1082.86,4331.42
2024-10-13,Central,Electronics,Laptop,Male,31.0,3,2429.04,9837.59
2024-03-28,South,Clothing,Sneakers,Female,46.0,5,878.83,4394.13
2023-02-06,Central,Electronics,Laptop,Male,31.0,4,3398.7,10875.83
2023-06-09,East,Beauty,Face Cream,Male,31.0,2,772.39,1544.77
2023-01-09,North,Electronics,Headphones,Male,27.0,5,3873.73,19368.67
2023-08-21,North,Grocery,Rice 5kg,Female,45.0,4,335.49,1341.97
2023-04-09,North,Electronics,Headphones,Male,26.0,1,3703.69,3703.69
2024-10-20,Central,Sports,Football,Female,47.0,3,1214.22,4917.6
2023-07-27,South,Grocery,Rice 5kg,Male,35.0,3,275.88,827.65
2023-05-11,South,Electronics,Smartwatch,Female,63.0,3,2766.08,8298.25
2024-02-08,South,Grocery,Rice 5kg,Male,26.0,4,328.57,1051.44
2023-06-01,North,Home & Kitchen,Vacuum Cleaner,Female,48.0,5,1255.26,6276.29
2023-02-23,East,Grocery,Beverages,Female,39.0,1,281.78,225.43
2023-04-30,North,Home & Kitchen,Vacuum Cleaner,Male,28.0,3,1111.11,3333.32
2024-11-03,Central,Grocery,Snacks Pack,Female,39.0,5,458.91,3097.64
2024-09-19,South,Grocery,Cooking Oil,Female,39.0,2,315.79,631.58
2024-08-09,South,Clothing,Jeans,Female,30.0,2,812.9,1625.8
2024-09-16,East,Electronics,Laptop,Female,38.0,1,2701.95,2701.95
2024-02-24,East,Beauty,Perfume,Male,46.0,3,619.67,1487.2
2024-02-26,Central,Clothing,T-Shirt,Female,39.0,2,953.97,1526.36
2023-04-14,East,Home & Kitchen,Bedsheet,Female,29.0,5,1268.7,6343.48
2023-09-11,North,Electronics,Headphones,Female,28.0,5,3603.2,18015.99
2023-08-15,East,Home & Kitchen,Cookware Set,Female,33.0,2,1809.15,3618.3
2023-04-22,North,Sports,Football,Male,,3,1057.86,3173.57
2024-05-24,North,Clothing,T-Shirt,Female,25.0,1,998.83,998.83
2024-04-17,Central,Clothing,Sneakers,Female,38.0,3,946.45,2839.35
2023-04-09,West,Grocery,Snacks Pack,Male,16.0,4,292.91,1171.64
2023-06-02,Central,Beauty,Face Cream,Female,40.0,2,726.6,1453.21
2023-12-04,East,Clothing,Jeans,Female,42.0,4,1134.92,6128.54
2024-12-06,East,Clothing,Sneakers,Male,56.0,2,1038.74,2804.6
2023-06-12,North,Sports,Football,Male,44.0,1,1019.4,1019.4
2024-12-20,South,Grocery,Beverages,Female,29.0,3,472.06,1911.86
2024-11-11,Central,Electronics,Smartwatch,Male,17.0,3,3260.0,13203.01
2023-06-10,South,Electronics,Smartwatch,Male,39.0,2,2835.57,5671.14
2024-08-02,Central,Home & Kitchen,Mixer,Male,30.0,5,1478.65,7393.23
2024-02-02,West,Clothing,T-Shirt,Male,37.0,4,1066.01,3411.22
2023-10-04,North,Clothing,T-Shirt,Female,26.0,3,1162.94,4709.89
2024-05-18,East,Beauty,Lipstick,Male,32.0,3,569.76,1709.29
2024-01-27,West,Electronics,Smartwatch,Female,16.0,2,2761.08,5522.16
2023-05-15,South,Grocery,Cooking Oil,Female,22.0,5,398.49,1992.45
2023-07-14,Central,Clothing,Jacket,Female,20.0,4,1210.37,4841.46
2024-02-05,East,Grocery,Rice 5kg,Male,43.0,5,289.91,1159.63
2024-10-01,North,Grocery,Beverages,Female,24.0,5,441.74,2981.74
2023-02-02,East,Electronics,Smartphone,Male,49.0,2,3307.6,5292.16
2024-11-18,Central,Home & Kitchen,Cookware Set,Male,25.0,5,1889.49,12754.04
2024-04-04,North,Electronics,Smartphone,Female,57.0,4,3372.41,13489.65
2024-04-14,West,Beauty,Face Cream,Female,16.0,1,578.48,578.48
2024-01-10,North,Beauty,Face Cream,Female,38.0,1,712.63,712.63
2023-01-22,West,Clothing,Jacket,Female,34.0,4,1197.4,4789.58
2024-10-31,West,Home & Kitchen,Cookware Set,Female,20.0,2,1386.26,3742.91
2023-02-07,South,Clothing,T-Shirt,Female,27.0,3,920.27,2208.65
2023-08-18,South,Grocery,Cooking Oil,Female,31.0,2,301.2,602.41
2023-12-31,West,Clothing,Sneakers,Male,36.0,4,745.55,4025.96
2024-07-16,East,Clothing,Jeans,Male,23.0,5,1120.07,5600.35
2024-03-13,West,Home & Kitchen,Vacuum Cleaner,Female,38.0,1,1260.7,1260.7
2023-10-10,North,Electronics,Headphones,Female,35.0,5,4017.03,27114.97
2023-01-27,Central,Grocery,Beverages,Male,42.0,2,350.16,700.32
2023-08-14,West,Electronics,Headphones,Male,24.0,4,4468.91,17875.64
2023-10-04,Central,Grocery,Beverages,Male,29.0,1,293.35,396.02
2024-08-31,North,Electronics,Smartphone,Female,49.0,4,2448.27,9793.08
2023-10-11,East,Clothing,Jeans,Female,24.0,1,677.52,914.66
2024-04-25,East,Grocery,Snacks Pack,Female,18.0,1,449.68,449.68
2024-03-28,South,Sports,Yoga Mat,Female,27.0,1,1107.09,1107.09
2024-10-20,East,Grocery,Beverages,Female,16.0,2,245.77,663.57
2024-05-30,North,Clothing,Jacket,Male,52.0,4,1181.11,4724.42
2024-06-30,West,Electronics,Laptop,Male,30.0,3,4204.3,12612.91
2023-07-11,East,Beauty,Perfume,Male,30.0,3,758.7,2276.09
2023-02-18,North,Home & Kitchen,Vacuum Cleaner,Female,42.0,3,1310.73,3145.76
2024-05-26,West,Electronics,Smartphone,Male,26.0,4,3074.97,12299.86
2023-01-17,East,Beauty,Perfume,Female,31.0,5,732.87,3664.35
2023-06-21,North,Beauty,Shampoo,Female,25.0,4,625.53,2502.11
2023-08-08,Central,Sports,Football,Male,16.0,1,888.45,888.45
2023-06-07,Central,Sports,Cricket Bat,Female,34.0,5,956.95,4784.77
2024-04-21,East,Beauty,Shampoo,Female,45.0,1,828.49,828.49
2023-02-15,North,Electronics,Smartphone,Male,34.0,1,2578.27,2062.62
2024-01-08,West,Electronics,Laptop,Male,44.0,4,3866.42,15465.68
2024-06-01,East,Home & Kitchen,Cookware Set,Female,21.0,3,1551.92,4655.76
2023-04-09,South,Home & Kitchen,Bedsheet,Male,25.0,5,1836.03,9180.16
2023-02-06,East,Home & Kitchen,Vacuum Cleaner,Male,19.0,2,1744.17,2790.67
2023-10-07,East,Clothing,Jacket,Female,38.0,3,906.68,3672.04
2023-12-15,East,Home & Kitchen,Vacuum Cleaner,Female,30.0,2,1421.61,3838.34
2024-05-11,East,Home & Kitchen,Mixer,Male,30.0,4,1842.08,7368.31
2023-10-29,East,Electronics,Laptop,Female,41.0,5,2963.84,20005.9
2023-06-30,Central,Clothing,Jeans,Female,28.0,4,1126.3,4505.18
2024-08-29,South,Home & Kitchen,Bedsheet,Male,45.0,2,1763.84,3527.67
2023-04-09,West,Grocery,Snacks Pack,Female,36.0,1,386.53,386.53
2024-11-30,Central,Electronics,Laptop,Male,29.0,4,3066.11,16557.02
2023-04-26,East,Home & Kitchen,Bedsheet,Male,16.0,5,1265.34,6326.68
2023-07-10,East,Grocery,Snacks Pack,Female,41.0,4,419.05,1676.21
2023-09-10,East,Home & Kitchen,Mixer,Female,37.0,3,1145.92,3437.75
2023-06-10,East,Electronics,Smartphone,Male,37.0,4,4414.01,17656.06
2023-09-13,West,Home & Kitchen,Bedsheet,Female,37.0,2,2077.69,4155.37
2023-11-19,East,Clothing,Sneakers,Female,28.0,4,712.04,3845.02
2023-05-08,Central,Sports,Cricket Bat,Female,32.0,5,850.03,4250.15
2023-01-18,North,Electronics,Smartphone,Male,28.0,4,3164.49,12657.94
2024-07-19,North,Grocery,Rice 5kg,Female,47.0,4,481.1,1924.41
2024-07-23,West,Electronics,Smartphone,Male,30.0,5,3136.7,15683.48
2023-11-19,South,Home & Kitchen,Mixer,Male,27.0,4,1431.99,7732.76
2024-11-16,South,Home & Kitchen,Vacuum Cleaner,Female,48.0,5,1788.76,12074.16
2024-09-17,South,Clothing,T-Shirt,Female,47.0,2,742.6,1485.2
2023-10-15,South,Home & Kitchen,Bedsheet,Female,36.0,5,1431.49,9662.56
2024-10-24,North,Electronics,Smartwatch,Male,32.0,2,2892.53,7809.83
2024-09-30,Central,Clothing,Sneakers,Male,29.0,2,1008.97,2017.93
2023-06-04,South,Grocery,Rice 5kg,Female,33.0,5,284.87,1424.37
2024-05-04,West,Clothing,Sneakers,Male,24.0,4,975.68,3902.73
2024-01-21,West,Beauty,Lipstick,Female,39.0,3,780.17,2340.51
2023-04-14,Central,Grocery,Snacks Pack,Male,52.0,5,370.97,1854.86
2024-01-28,North,Home & Kitchen,Vacuum Cleaner,Female,40.0,4,1767.67,7070.69
2023-09-03,Central,Electronics,Smartphone,Female,21.0,2,2408.56,4817.11
2023-06-25,East,Home & Kitchen,Cookware Set,Female,39.0,1,1521.46,1521.46
2023-02-08,West,Grocery,Cooking Oil,Female,36.0,3,268.25,643.8
2024-04-21,West,Clothing,T-Shirt,Female,38.0,4,1007.66,4030.64
2024-11-12,West,Beauty,Shampoo,Male,24.0,3,538.04,2179.07
2024-06-21,South,Clothing,T-Shirt,Male,34.0,1,810.98,810.98
2024-02-12,West,Beauty,Face Cream,Female,43.0,1,452.24,361.79
2024-06-08,East,Electronics,Smartphone,Male,22.0,1,2934.93,2934.93
2024-05-20,West,Beauty,Shampoo,Female,29.0,5,632.8,3164.02
2023-02-05,Central,Home & Kitchen,Mixer,Male,30.0,3,1663.89,3993.34
2024-11-15,North,Clothing,Jacket,Male,44.0,5,672.0,4536.0
2023-01-20,Central,Clothing,Sneakers,Male,46.0,1,1040.42,1040.42
2023-11-17,North,Home & Kitchen,Bedsheet,Female,16.0,4,1563.32,8441.93
2024-05-26,North,Sports,Dumbbells,Female,44.0,1,1183.42,1183.42
2024-02-04,North,Clothing,Jacket,Female,46.0,5,1154.66,4618.65
2024-10-15,South,Electronics,Headphones,Female,46.0,1,3006.59,4058.89
2024-04-15,West,Home & Kitchen,Cookware Set,Male,28.0,1,1232.75,1232.75
2023-05-23,North,Home & Kitchen,Mixer,Male,31.0,5,1629.4,8147.0
2023-04-02,North,Home & Kitchen,Mixer,Female,16.0,5,2042.27,10211.37
2023-12-20,Central,Grocery,Cooking Oil,Female,16.0,4,371.88,2008.14
2024-12-27,Central,Clothing,Jacket,Male,30.0,5,1154.1,7790.21
2023-02-20,West,Sports,Dumbbells,Female,34.0,4,1352.91,4329.33
2024-10-26,Central,Home & Kitchen,Bedsheet,Male,35.0,2,1594.25,4304.47
2024-11-28,West,Electronics,Headphones,Male,43.0,2,3690.52,9964.41
2024-07-28,North,Grocery,Snacks Pack,Female,67.0,5,344.64,1723.18
2023-07-09,South,Grocery,Beverages,Male,29.0,1,375.0,375.0
2023-05-05,West,Clothing,Jacket,Male,22.0,3,949.59,2848.77
2023-05-30,South,Grocery,Cooking Oil,Male,40.0,1,418.73,418.73
2023-11-10,West,Clothing,T-Shirt,Male,36.0,5,888.29,5995.95
2024-07-23,North,Home & Kitchen,Mixer,Female,27.0,4,1154.76,4619.02
2023-12-08,South,Beauty,Perfume,Female,44.0,1,751.26,1014.2
2023-11-01,East,Electronics,Smartwatch,Female,25.0,2,3774.07,10189.99
2024-11-22,West,Clothing,Jacket,Female,32.0,5,1228.58,8292.9
2024-11-12,East,Beauty,Shampoo,Male,33.0,1,600.06,810.08
2023-02-23,West,Sports,Dumbbells,Male,23.0,1,830.22,664.17
2024-03-19,North,Home & Kitchen,Bedsheet,Male,16.0,4,1177.7,4710.8
2024-09-04,North,Home & Kitchen,Vacuum Cleaner,Male,36.0,4,1861.99,7447.94
2023-09-21,Central,Home & Kitchen,Cookware Set,Male,49.0,4,1121.15,4484.58
2023-02-22,West,Sports,Dumbbells,Female,44.0,3,1469.03,3525.66
2024-07-25,North,Beauty,Face Cream,Female,45.0,5,538.29,2691.47
2024-09-11,Central,Electronics,Smartphone,Female,25.0,5,4253.49,21267.45
2023-01-05,South,Home & Kitchen,Bedsheet,Female,36.0,2,1862.18,3724.36
2023-04-13,East,Home & Kitchen,Vacuum Cleaner,Male,18.0,2,1964.76,3929.52
2023-07-15,North,Grocery,Beverages,Female,35.0,5,297.44,1487.2
2023-12-16,West,Grocery,Rice 5kg,Female,49.0,1,390.94,527.78
2023-02-16,West,Grocery,Cooking Oil,Male,49.0,5,267.93,1071.72
2024-10-17,North,Sports,Dumbbells,Male,56.0,3,925.76,3749.31
2023-09-26,Central,Electronics,Headphones,Female,44.0,2,2934.18,5868.36
2024-01-05,South,Clothing,Sneakers,Female,39.0,2,1096.71,2193.42
2024-09-27,South,Clothing,Sneakers,Female,43.0,2,645.57,1291.14
2023-04-16,North,Clothing,Jeans,Female,41.0,5,1198.96,5994.82
2024-10-31,South,Electronics,Laptop,Female,25.0,2,2398.6,6476.22
2024-10-20,North,Electronics,Laptop,Male,17.0,2,3083.34,8325.01
2024-10-18,East,Grocery,Rice 5kg,Male,43.0,5,264.87,1787.85
2023-04-30,Central,Beauty,Face Cream,Male,57.0,1,742.97,742.97
2024-08-26,East,Home & Kitchen,Mixer,Male,44.0,2,1198.38,2396.76
2023-02-27,North,Home & Kitchen,Cookware Set,Female,16.0,2,1978.99,3166.39
2023-12-12,North,Clothing,Jacket,Female,28.0,2,964.04,2602.91
2024-04-18,North,Grocery,Rice 5kg,Female,31.0,3,477.38,1432.13
2023-04-27,South,Grocery,Rice 5kg,Male,16.0,5,316.14,1580.69
2023-05-07,West,Home & Kitchen,Bedsheet,Female,18.0,2,1527.03,3054.06
2024-01-28,North,Clothing,Sneakers,Male,33.0,3,1067.38,3202.13
2024-10-02,West,Electronics,Headphones,Male,36.0,1,4103.49,5539.71
2023-02-27,Central,Electronics,Smartwatch,Female,23.0,1,3183.84,2547.07
2024-09-25,East,Home & Kitchen,Bedsheet,Female,18.0,3,1987.05,5961.16
2024-05-27,Central,Beauty,Lipstick,Male,47.0,1,469.55,469.55
2023-04-06,East,Beauty,Shampoo,Male,29.0,4,717.65,2870.59
2024-09-29,West,Home & Kitchen,Mixer,Female,31.0,1,1415.61,1415.61
2023-04-28,East,Grocery,Rice 5kg,Male,27.0,4,269.83,1079.31
2024-07-13,East,Sports,Dumbbells,Male,25.0,3,1067.73,3203.2
2024-08-23,South,Clothing,Jeans,Female,48.0,4,1184.54,4738.14
2024-05-02,South,Clothing,Sneakers,Male,24.0,1,1247.74,1247.74
2023-08-25,South,Sports,Football,Male,35.0,2,1072.46,2144.91
2023-09-29,East,Clothing,T-Shirt,Male,34.0,4,1188.44,4753.77
2023-07-08,North,Sports,Dumbbells,Female,,1,1162.43,1162.43
2024-12-04,Central,Sports,Cricket Bat,Female,36.0,2,1322.1,3569.67
2024-03-22,West,Grocery,Cooking Oil,Male,17.0,3,256.12,768.35
2024-08-03,South,Beauty,Perfume,Male,40.0,3,654.07,1962.21
2023-09-04,North,Grocery,Cooking Oil,Male,20.0,5,262.19,1310.95
2023-03-17,Central,Grocery,Snacks Pack,Male,39.0,3,310.81,932.43
2023-06-03,Central,Clothing,T-Shirt,Female,29.0,5,987.09,4935.47
2024-10-17,West,Electronics,Headphones,Female,26.0,3,4048.05,16394.59
2024-03-10,South,Clothing,Sneakers,Male,36.0,3,983.36,2950.09
2023-03-27,South,Grocery,Snacks Pack,Male,17.0,3,474.37,1423.1
2024-11-27,North,Electronics,Smartphone,Male,33.0,5,4055.14,27372.23
2023-10-12,North,Electronics,Headphones,Male,42.0,5,2589.98,17482.35
2023-08-08,West,Electronics,Laptop,Male,45.0,4,3111.27,12445.07
2023-03-10,West,Grocery,Cooking Oil,Female,28.0,1,408.78,408.78
2023-02-16,East,Sports,Yoga Mat,Female,30.0,1,1492.57,1194.06
2023-04-04,Central,Sports,Football,Female,17.0,1,1530.54,1530.54
2024-03-28,East,Home & Kitchen,Cookware Set,Male,25.0,3,1851.35,5554.04
2023-07-23,East,Beauty,Shampoo,Female,16.0,1,660.98,660.98
2023-08-06,South,Grocery,Cooking Oil,Male,38.0,5,430.37,2151.85
2024-04-18,Central,Home & Kitchen,Vacuum Cleaner,Male,43.0,4,1336.9,5347.59
2024-03-07,North,Home & Kitchen,Vacuum Cleaner,Female,29.0,2,1347.78,2695.57
2023-12-07,Central,Electronics,Smartwatch,Male,22.0,4,3705.74,20011.01
2024-07-04,Central,Sports,Yoga Mat,Female,37.0,1,1441.31,1441.31
2024-09-03,North,Clothing,Jacket,Female,24.0,1,1240.98,1240.98
2023-10-16,East,Home & Kitchen,Bedsheet,Female,41.0,5,1408.4,9506.71
2023-09-11,Central,Grocery,Snacks Pack,Female,55.0,4,440.16,1760.62
2023-12-23,East,Clothing,Jeans,Male,24.0,5,1166.46,7873.63
2023-01-23,Central,Clothing,T-Shirt,Female,25.0,5,1022.6,5113.0
2024-06-05,Central,Grocery,Rice 5kg,Female,17.0,2,330.16,660.32
2023-04-10,South,Electronics,Smartwatch,Female,35.0,5,3626.76,18133.79
2023-06-29,South,Grocery,Snacks Pack,Male,34.0,5,388.19,1940.95
2023-08-11,Central,Home & Kitchen,Vacuum Cleaner,Female,31.0,2,1686.85,3373.7
2024-10-20,West,Grocery,Beverages,Male,34.0,3,396.72,1606.71
2024-03-17,North,Grocery,Rice 5kg,Female,22.0,3,452.53,1357.59
2024-08-30,North,Home & Kitchen,Cookware Set,Male,16.0,2,1228.59,2457.17
2023-11-21,East,Home & Kitchen,Vacuum Cleaner,Female,25.0,5,1435.66,9690.7
2024-05-30,Central,Grocery,Beverages,Male,16.0,1,388.57,388.57
2023-01-16,Central,Grocery,Cooking Oil,Male,24.0,4,314.42,1257.66
2023-12-02,West,Grocery,Beverages,Male,37.0,1,484.65,654.27
2023-09-15,North,Beauty,Lipstick,Male,34.0,1,530.52,530.52
2024-05-11,South,Electronics,Smartwatch,Male,16.0,5,3291.97,16459.84
2023-06-09,Central,Clothing,T-Shirt,Male,45.0,4,1182.74,4730.96
2024-04-19,North,Sports,Cricket Bat,Female,31.0,4,831.65,3326.6
2024-10-25,South,Clothing,Sneakers,Female,19.0,3,1147.03,4645.49
2024-11-20,North,Electronics,Laptop,Female,29.0,2,3519.06,9501.46
2024-11-05,West,Home & Kitchen,Cookware Set,Male,27.0,5,1083.39,7312.9
2024-01-15,Central,Electronics,Laptop,Male,24.0,4,4262.52,17050.1
2024-06-28,South,Clothing,T-Shirt,Male,42.0,5,654.69,3273.47
2024-11-21,East,Sports,Football,Female,21.0,3,1166.72,4725.21
2024-03-02,West,Home & Kitchen,Bedsheet,Female,36.0,1,1101.48,1101.48
2024-09-04,Central,Clothing,Jacket,Male,19.0,4,674.86,2699.42
2023-09-25,North,Sports,Yoga Mat,Male,33.0,3,1453.15,4359.44
2024-07-30,East,Sports,Dumbbells,Female,36.0,5,1359.69,6798.43
2024-02-21,South,Home & Kitchen,Vacuum Cleaner,Female,36.0,3,1256.79,3016.29
2023-06-17,Central,Clothing,T-Shirt,Female,34.0,3,1020.89,3062.68
2023-02-12,East,Beauty,Lipstick,Female,31.0,3,753.77,1809.04
2024-07-09,North,Grocery,Snacks Pack,Male,22.0,3,462.95,1388.85
2023-10-12,West,Grocery,Beverages,Male,22.0,3,359.74,1456.93
2024-02-01,West,Beauty,Shampoo,Male,37.0,3,796.95,1912.68
2023-01-12,North,Grocery,Beverages,Male,20.0,2,369.42,738.85
2024-08-29,Central,Clothing,Jacket,Male,17.0,5,1063.58,5317.92
2023-10-29,North,Grocery,Rice 5kg,Female,49.0,1,484.86,654.56
2023-09-10,East,Clothing,Sneakers,Male,31.0,5,778.65,3893.25
2024-05-13,South,Grocery,Beverages,Male,40.0,4,286.29,1145.15
2023-02-04,West,Grocery,Snacks Pack,Male,43.0,4,328.79,1052.14
2024-12-27,South,Electronics,Headphones,Male,34.0,5,2608.25,17605.71
2023-03-31,Central,Home & Kitchen,Mixer,Male,29.0,3,1348.37,4045.11
2024-08-27,West,Clothing,Jeans,Female,30.0,2,1098.08,2196.16
2024-08-24,West,Clothing,Jeans,Female,51.0,1,930.84,930.84
2024-02-22,West,Grocery,Snacks Pack,Male,27.0,3,336.89,808.52
2023-04-25,West,Clothing,T-Shirt,Male,35.0,5,862.3,4311.48
2024-09-08,North,Grocery,Rice 5kg,Male,41.0,5,292.66,1463.3
2023-07-15,South,Electronics,Smartphone,Female,36.0,2,3242.2,6484.4
2024-05-15,Central,Grocery,Cooking Oil,Male,45.0,2,398.04,796.07
2024-09-17,North,Beauty,Perfume,Male,29.0,5,478.45,2392.23
2024-05-07,West,Grocery,Rice 5kg,Female,41.0,3,483.34,1450.02
2023-03-16,Central,Home & Kitchen,Bedsheet,Male,16.0,3,1515.45,4546.34
2024-02-17,North,Sports,Football,Male,48.0,3,1499.93,3599.83
2024-01-11,West,Clothing,Jacket,Male,46.0,1,714.84,714.84
2024-02-24,East,Electronics,Headphones,Male,30.0,1,3958.56,3166.85
2024-12-29,East,Home & Kitchen,Mixer,Male,38.0,3,1698.52,6879.01
2023-10-04,North,Electronics,Smartphone,Female,43.0,5,4076.94,27519.37
2024-11-06,North,Sports,Yoga Mat,Female,22.0,2,1232.52,3327.81
2024-01-29,West,Clothing,Sneakers,Female,32.0,4,1236.59,4946.35
2024-04-01,Central,Grocery,Cooking Oil,Male,19.0,2,398.6,797.2
2023-07-11,West,Grocery,Snacks Pack,Male,46.0,2,437.23,874.46
2024-11-19,East,Clothing,T-Shirt,Male,43.0,4,1182.88,6387.53
2023-04-09,North,Grocery,Beverages,Male,30.0,3,420.07,1260.22
2024-07-01,West,Electronics,Laptop,Female,29.0,2,3414.29,6828.58
2023-04-06,South,Home & Kitchen,Bedsheet,Male,32.0,4,1336.46,5345.83
2024-10-25,Central,Electronics,Laptop,Female,24.0,5,4154.06,28039.93
2024-10-24,Central,Sports,Yoga Mat,Male,32.0,5,1140.05,7695.31
2023-07-09,West,Sports,Yoga Mat,Male,22.0,5,1247.95,6239.73
2023-02-06,Central,Clothing,Jacket,Male,43.0,3,679.91,1631.79
2024-01-04,North,Clothing,Sneakers,Male,46.0,2,943.33,1886.66
2024-11-25,West,Grocery,Cooking Oil,Male,44.0,2,416.05,1123.33
2024-06-08,South,Clothing,Sneakers,Male,20.0,1,997.97,997.97
2023-10-06,Central,Beauty,Perfume,Male,31.0,5,608.39,4106.65
2023-08-05,South,Home & Kitchen,Bedsheet,Female,40.0,3,1284.6,3853.8
2023-09-30,West,Clothing,Sneakers,Female,42.0,4,825.09,3300.37
2023-03-03,Central,Beauty,Lipstick,Male,16.0,3,714.26,2142.79
2024-08-18,North,Home & Kitchen,Vacuum Cleaner,Male,42.0,2,1285.4,2570.8
2024-12-29,South,Sports,Dumbbells,Female,20.0,5,1248.73,8428.92
2023-12-08,West,Sports,Cricket Bat,Female,32.0,1,1224.1,1652.53
2024-02-01,East,Electronics,Laptop,Female,47.0,3,4413.74,10592.96
2024-11-29,South,Electronics,Smartwatch,Male,46.0,1,2376.15,3207.8
2023-01-19,North,Sports,Cricket Bat,Female,48.0,2,853.25,1706.51
2023-06-26,North,Sports,Dumbbells,Female,22.0,4,1159.68,4638.74
2024-09-03,Central,Electronics,Smartphone,Male,24.0,3,3420.73,10262.18
2024-01-31,East,Beauty,Lipstick,Female,27.0,2,436.77,873.54
2024-03-20,North,Home & Kitchen,Bedsheet,Male,32.0,5,1917.15,9585.74
2023-08-21,South,Clothing,Jeans,Female,36.0,3,941.68,2825.03
2023-03-17,South,Beauty,Perfume,Female,48.0,1,565.59,565.59
2023-09-22,North,Electronics,Smartphone,Female,23.0,3,2954.23,8862.7
2024-03-30,South,Sports,Yoga Mat,Female,27.0,2,1433.28,2866.57
2024-12-18,South,Clothing,Jeans,Male,49.0,2,753.94,2035.64
2024-01-19,South,Grocery,Beverages,Male,21.0,1,284.3,284.3
2024-07-17,West,Clothing,Sneakers,Female,41.0,2,764.3,1528.6
2024-05-20,South,Home & Kitchen,Vacuum Cleaner,Female,33.0,3,1706.27,5118.82
2024-01-02,West,Grocery,Snacks Pack,Female,38.0,1,443.68,443.68
2023-05-24,East,Electronics,Headphones,Female,25.0,2,2981.39,5962.78
2023-03-10,East,Home & Kitchen,Mixer,Female,41.0,2,1232.14,2464.27
2023-04-09,West,Home & Kitchen,Bedsheet,Female,26.0,3,1269.65,3808.96
2024-01-31,East,Electronics,Smartwatch,Male,18.0,2,3626.97,7253.94
2023-01-25,Central,Beauty,Face Cream,Male,39.0,3,523.33,1570.0
2024-04-13,West,Clothing,T-Shirt,Female,16.0,5,1182.69,5913.43
2024-04-28,East,Home & Kitchen,Vacuum Cleaner,Male,27.0,3,1159.09,3477.26
2024-07-18,Central,Home & Kitchen,Cookware Set,Male,37.0,4,1083.99,4335.95
2023-05-31,East,Home & Kitchen,Vacuum Cleaner,Male,42.0,2,1142.8,2285.59
2023-05-24,South,Electronics,Headphones,Female,47.0,5,4134.24,20671.2
2024-07-22,North,Home & Kitchen,Bedsheet,Female,53.0,1,1733.79,1733.79
2023-02-08,North,Home & Kitchen,Mixer,Female,50.0,4,2055.63,6578.02
2023-04-19,Central,Grocery,Beverages,Male,36.0,1,327.39,327.39
2024-11-23,West,Beauty,Lipstick,Female,46.0,4,509.32,2750.35
2023-02-11,Central,Home & Kitchen,Bedsheet,Female,35.0,5,1640.07,6560.3
2023-07-05,East,Electronics,Smartwatch,Male,41.0,5,3444.74,17223.68
2024-02-02,East,Clothing,Jeans,Male,27.0,5,1002.35,4009.38
2023-08-11,North,Electronics,Headphones,Male,39.0,4,3018.48,12073.9
2024-09-25,West,Electronics,Laptop,Female,28.0,3,2253.21,6759.63
2023-05-13,East,Clothing,Sneakers,Female,32.0,1,652.07,652.07
2023-06-12,Central,Clothing,Sneakers,Male,39.0,3,1048.21,3144.63
2023-08-03,South,Clothing,Jacket,Female,57.0,3,959.65,2878.96
2023-08-23,East,Electronics,Laptop,Male,38.0,2,4079.07,8158.13
2024-10-19,West,Electronics,Smartwatch,Male,33.0,1,2912.92,3932.44
2024-08-10,West,Electronics,Laptop,Male,24.0,4,4066.66,16266.63
2023-01-09,East,Electronics,Laptop,Male,43.0,2,3193.1,6386.2
2023-03-15,West,Home & Kitchen,Cookware Set,Male,30.0,2,1151.53,2303.07
2024-05-06,North,Home & Kitchen,Vacuum Cleaner,Male,38.0,5,2076.81,10384.04
2023-09-10,West,Electronics,Headphones,Male,41.0,4,3386.74,13546.95
2023-08-18,East,Home & Kitchen,Mixer,Male,47.0,3,1710.95,5132.86
2024-06-02,Central,Clothing,T-Shirt,Female,43.0,3,1052.6,3157.81
2023-06-23,Central,Electronics,Smartwatch,Male,20.0,3,3051.8,9155.41
2024-10-14,South,Electronics,Headphones,Male,16.0,5,3914.46,26422.63
2023-06-17,South,Home & Kitchen,Cookware Set,Female,41.0,3,1963.78,5891.34
2023-06-19,Central,Grocery,Rice 5kg,Male,34.0,1,339.86,339.86
2024-01-28,East,Clothing,Sneakers,Female,38.0,3,1043.91,3131.73
2024-09-25,Central,Electronics,Smartphone,Female,52.0,3,3935.96,11807.87
2023-07-13,North,Beauty,Face Cream,Male,27.0,1,499.85,499.85
2024-05-31,West,Clothing,Jeans,Female,48.0,5,839.54,4197.68
2023-01-29,West,Clothing,Jeans,Female,27.0,2,698.54,1397.08
2023-06-14,Central,Beauty,Lipstick,Female,51.0,4,672.93,2691.71
2024-02-26,South,Beauty,Lipstick,Female,42.0,5,756.39,3025.58
2023-12-05,West,Home & Kitchen,Cookware Set,Male,17.0,3,1691.38,6850.09
2024-10-09,East,Home & Kitchen,Mixer,Female,29.0,2,1238.77,3344.69
2024-05-10,North,Clothing,Sneakers,Male,55.0,4,974.21,3896.85
2023-12-31,West,Electronics,Smartphone,Male,53.0,4,4110.25,22195.36
2023-12-08,West,Home & Kitchen,Vacuum Cleaner,Male,40.0,4,1367.86,7386.45
2024-05-14,Central,Electronics,Laptop,Male,37.0,1,4105.14,4105.14
2024-10-18,East,Home & Kitchen,Bedsheet,Male,36.0,1,1873.85,2529.7
2024-05-25,South,Sports,Cricket Bat,Female,38.0,2,786.74,1573.48
2023-11-23,North,Sports,Yoga Mat,Female,32.0,3,954.38,3865.24
2023-08-05,South,Clothing,Jacket,Male,47.0,2,972.05,1944.11
2023-10-28,South,Grocery,Snacks Pack,Female,40.0,3,420.82,1704.31
2023-05-12,West,Home & Kitchen,Mixer,Female,23.0,5,1974.56,9872.79
2023-03-11,South,Beauty,Face Cream,Male,41.0,4,689.24,2756.95
2023-09-09,Central,Clothing,Sneakers,Male,35.0,4,869.62,3478.47
2024-02-19,Central,Electronics,Smartwatch,Female,30.0,1,2653.56,2122.85
2024-03-20,West,Electronics,Laptop,Female,54.0,5,3942.48,19712.4
2023-07-01,Central,Clothing,T-Shirt,Female,35.0,5,760.27,3801.36
2023-06-16,West,Clothing,Jeans,Female,16.0,3,1068.12,3204.36
2023-04-01,East,Grocery,Snacks Pack,Male,31.0,5,289.4,1446.98
2024-12-14,North,Grocery,Beverages,Male,44.0,1,267.31,360.87
2024-06-14,East,Clothing,T-Shirt,Female,23.0,3,788.19,2364.58
2023-02-08,East,Home & Kitchen,Bedsheet,Male,44.0,2,1349.18,2158.68
2023-05-06,Central,Electronics,Smartwatch,Female,23.0,3,3689.75,11069.25
2024-03-26,East,Beauty,Face Cream,Female,48.0,2,487.57,975.14
2023-06-22,Central,Sports,Yoga Mat,Female,27.0,3,1486.34,4459.01
2024-10-14,West,Sports,Cricket Bat,Female,30.0,4,1196.86,6463.04
2023-08-08,North,Beauty,Perfume,Male,29.0,2,626.19,1252.38
2024-09-29,Central,Electronics,Smartwatch,Female,40.0,1,3213.72,3213.72
2023-02-27,East,Electronics,Headphones,Female,54.0,2,3509.19,5614.7
2024-10-21,South,Home & Kitchen,Cookware Set,Female,34.0,2,1073.57,2898.64
2024-04-20,West,Sports,Yoga Mat,Female,33.0,3,1532.37,4597.1
2024-03-31,North,Electronics,Smartphone,Male,27.0,4,3488.85,13955.42
2023-12-27,West,Electronics,Laptop,Female,16.0,3,2318.84,9391.29
2023-01-01,East,Beauty,Face Cream,Female,28.0,3,667.79,2003.37
2024-01-22,South,Electronics,Smartphone,Male,20.0,4,3219.06,12876.23
2023-12-14,Central,Clothing,T-Shirt,Female,16.0,3,645.14,2612.83
2023-07-09,East,Grocery,Snacks Pack,Female,33.0,4,471.49,1885.94
2024-05-19,North,Clothing,Jacket,Female,28.0,1,636.66,636.66
2023-07-10,East,Electronics,Laptop,Male,49.0,4,3534.43,14137.73
2024-05-22,Central,Grocery,Snacks Pack,Female,24.0,5,480.64,2403.19
2024-01-04,North,Grocery,Beverages,Female,41.0,4,303.21,1212.85
2024-02-13,North,Sports,Yoga Mat,Female,41.0,4,965.72,3090.3
2023-04-27,North,Clothing,Jeans,Male,48.0,5,630.27,3151.33
2023-05-14,North,Electronics,Laptop,Male,31.0,4,2388.63,9554.51
2023-02-27,Central,Grocery,Rice 5kg,Female,48.0,2,256.0,409.6
2024-07-09,West,Home & Kitchen,Bedsheet,Female,40.0,3,1913.79,5741.37
2024-11-15,South,Clothing,Jeans,Male,46.0,3,1157.14,4686.44
2024-11-02,West,Grocery,Beverages,Male,60.0,1,423.04,571.11
2023-06-22,South,Clothing,Sneakers,Male,32.0,1,852.23,852.23
2023-05-29,Central,Clothing,Sneakers,Female,35.0,5,1147.39,5736.95
2023-03-21,Central,Electronics,Headphones,Male,30.0,2,3449.09,6898.19
2023-08-01,South,Clothing,Sneakers,Male,50.0,1,821.72,821.72
2023-07-22,Central,Clothing,Sneakers,Male,62.0,3,905.48,2716.45
2023-08-17,West,Home & Kitchen,Vacuum Cleaner,Female,42.0,1,1119.06,1119.06
2024-11-06,South,Grocery,Rice 5kg,Male,16.0,1,476.5,643.28
2023-08-15,South,Sports,Football,Male,24.0,4,1246.72,4986.88
2024-10-20,East,Electronics,Smartphone,Female,46.0,1,3877.96,5235.25
2024-06-15,West,Electronics,Smartphone,Male,21.0,5,3755.55,18777.73
2024-03-16,Central,Electronics,Headphones,Male,27.0,3,3735.76,11207.28
2024-02-06,West,Electronics,Smartphone,Female,27.0,5,2278.66,9114.66
2023-02-16,Central,Grocery,Rice 5kg,Male,33.0,5,373.72,1494.86
2023-08-21,East,Grocery,Snacks Pack,Female,36.0,2,446.32,892.64
2023-11-01,Central,Grocery,Snacks Pack,Male,16.0,4,255.91,1381.9
2024-06-09,West,Clothing,T-Shirt,Female,17.0,5,1232.38,6161.92
2023-05-23,South,Clothing,Jeans,Male,17.0,2,897.22,1794.44
2024-02-19,East,Home & Kitchen,Mixer,Female,18.0,3,1354.39,3250.54
2024-05-27,West,Electronics,Headphones,Male,34.0,3,3431.28,10293.84
2024-01-08,North,Grocery,Beverages,Male,36.0,2,441.3,882.59
2024-07-19,West,Sports,Cricket Bat,Female,45.0,5,1135.56,5677.81
2023-09-16,North,Clothing,Sneakers,Female,40.0,5,1036.42,5182.08
2024-10-17,East,Grocery,Snacks Pack,Male,,4,367.48,1984.39
2024-04-15,West,Home & Kitchen,Bedsheet,Female,36.0,4,1712.84,6851.34
2023-01-12,South,Electronics,Headphones,Male,45.0,3,2549.19,7647.57
2023-11-26,South,Home & Kitchen,Vacuum Cleaner,Female,31.0,4,1090.6,5889.22
2023-12-24,South,Clothing,Sneakers,Male,30.0,2,716.25,1933.87
2024-02-12,Central,Electronics,Headphones,Female,23.0,3,2880.28,6912.67
2024-10-29,North,Grocery,Snacks Pack,Male,25.0,5,307.07,2072.74
2024-01-08,Central,Beauty,Lipstick,Male,41.0,3,678.37,2035.12
2023-01-08,North,Clothing,T-Shirt,Male,33.0,1,917.21,917.21
2023-05-02,Central,Clothing,T-Shirt,Male,55.0,3,654.45,1963.35
2023-12-14,Central,Beauty,Shampoo,Female,26.0,4,434.64,2347.08
2024-11-06,East,Beauty,Shampoo,Female,42.0,2,458.05,1236.73
2023-03-31,East,Grocery,Beverages,Female,38.0,5,331.5,1657.52
2024-10-09,East,Clothing,Sneakers,Male,33.0,5,633.9,4278.79
2024-11-28,West,Sports,Dumbbells,Male,29.0,4,1150.37,6212.0
2023-11-12,North,Electronics,Headphones,Female,40.0,4,3047.9,16458.66
2023-06-27,North,Grocery,Beverages,Female,39.0,4,381.08,1524.33
2024-06-23,North,Electronics,Headphones,Male,36.0,1,3854.65,3854.65
2023-02-10,East,Grocery,Beverages,Female,38.0,2,306.49,490.38
2024-12-04,South,Clothing,T-Shirt,Female,34.0,1,728.96,984.1
2024-05-16,West,Home & Kitchen,Mixer,Female,16.0,4,1341.96,5367.82
2023-05-25,Central,Clothing,Jeans,Male,34.0,2,631.11,1262.22
2023-07-20,South,Electronics,Laptop,Male,31.0,4,2508.83,10035.32
2024-12-24,East,Grocery,Rice 5kg,Male,55.0,2,428.95,1158.17
2024-04-05,South,Beauty,Lipstick,Female,40.0,5,513.58,2567.89
2024-07-11,Central,Sports,Football,Male,36.0,1,1535.61,1535.61
2024-06-30,Central,Electronics,Smartwatch,Male,39.0,4,2615.94,10463.77
2023-09-10,Central,Grocery,Beverages,Female,22.0,4,438.25,1753.0
2024-01-25,Central,Grocery,Rice 5kg,Male,27.0,3,417.74,1253.21
2024-08-16,North,Clothing,T-Shirt,Male,30.0,5,832.94,4164.72
2023-09-13,Central,Electronics,Laptop,Female,38.0,4,2980.86,11923.42
2024-12-09,West,Grocery,Rice 5kg,Female,29.0,1,383.07,517.14
2024-03-25,South,Sports,Cricket Bat,Female,28.0,5,1426.33,7131.64
2023-01-10,Central,Grocery,Snacks Pack,Male,22.0,4,339.62,1358.46
2023-08-30,North,Home & Kitchen,Bedsheet,Female,34.0,1,1114.24,1114.24
2023-09-08,West,Home & Kitchen,Vacuum Cleaner,Female,35.0,3,1443.14,4329.42
2023-01-05,South,Electronics,Laptop,Male,38.0,3,2704.38,8113.14
2023-04-29,South,Grocery,Snacks Pack,Female,26.0,1,475.11,475.11
2024-01-09,West,Grocery,Cooking Oil,Male,38.0,5,415.83,2079.16
2023-03-06,East,Electronics,Smartwatch,Male,22.0,1,2353.87,2353.87
2023-05-26,South,Beauty,Shampoo,Male,31.0,1,543.06,543.06
2023-08-12,South,Clothing,Jeans,Male,37.0,3,661.64,1984.91
2023-08-27,Central,Sports,Cricket Bat,Male,31.0,3,1409.11,4227.34
2023-06-26,North,Clothing,Jacket,Female,16.0,3,1200.97,3602.9
2023-10-09,South,Electronics,Laptop,Male,18.0,4,2491.51,13454.13
2023-03-04,Central,Clothing,Jeans,Female,36.0,4,907.38,3629.53
2023-08-05,Central,Home & Kitchen,Mixer,Female,40.0,2,2028.48,4056.95
2024-11-19,South,Electronics,Headphones,Male,37.0,4,2565.27,13852.48
2024-04-05,West,Home & Kitchen,Mixer,Male,40.0,5,1356.5,6782.49
2024-09-01,Central,Home & Kitchen,Bedsheet,Female,30.0,5,1369.49,6847.44
2023-04-15,Central,Grocery,Cooking Oil,Female,42.0,3,252.36,757.09
2023-04-09,East,Electronics,Smartwatch,Male,37.0,1,2321.25,2321.25
2024-05-25,North,Home & Kitchen,Mixer,Male,26.0,3,2050.43,6151.3
2024-01-20,South,Electronics,Headphones,Female,39.0,1,3519.25,3519.25
2024-02-09,South,Grocery,Rice 5kg,Male,37.0,3,320.13,768.31
2024-06-01,East,Electronics,Laptop,Female,52.0,3,3088.23,9264.69
2024-04-20,North,Sports,Football,Female,49.0,5,1320.43,6602.15
2024-12-09,West,Grocery,Snacks Pack,Male,32.0,1,334.8,451.98
2024-10-06,South,Home & Kitchen,Bedsheet,Male,29.0,2,1289.15,3480.7
2024-03-12,South,Home & Kitchen,Vacuum Cleaner,Male,51.0,2,1156.93,2313.86
2023-01-23,Central,Electronics,Smartphone,Female,40.0,3,3872.81,11618.43
2024-07-18,East,Clothing,Jacket,Male,32.0,3,743.76,2231.27
2024-11-07,North,Beauty,Face Cream,Male,16.0,5,449.25,3032.45
2024-12-14,Central,Sports,Dumbbells,Female,25.0,1,1098.75,1483.32
2024-04-02,North,Electronics,Smartwatch,Male,24.0,3,2328.64,6985.92
2023-03-24,West,Home & Kitchen,Mixer,Male,32.0,2,2063.25,4126.5
2023-05-25,West,Grocery,Rice 5kg,Female,40.0,1,398.69,398.69
2023-03-26,South,Grocery,Rice 5kg,Male,42.0,3,282.41,847.23
2023-03-19,Central,Electronics,Smartphone,Female,50.0,1,2626.3,2626.3
2024-04-01,East,Clothing,Jacket,Female,44.0,5,988.99,4944.96
2023-01-01,East,Clothing,Sneakers,Male,19.0,2,854.64,1709.27
2023-02-20,North,Beauty,Perfume,Male,45.0,1,745.19,596.15
2024-11-15,South,Home & Kitchen,Mixer,Male,53.0,2,1623.1,4382.36
2024-12-17,Central,Home & Kitchen,Mixer,Female,52.0,3,1505.0,6095.25
2024-03-21,South,Sports,Yoga Mat,Male,20.0,4,1511.49,6045.98
2024-03-24,East,Grocery,Beverages,Female,31.0,1,340.73,340.73
2024-05-02,East,Beauty,Shampoo,Female,44.0,2,588.26,1176.51
2023-02-03,East,Home & Kitchen,Vacuum Cleaner,Male,21.0,1,1749.06,1399.25
2023-12-14,North,Electronics,Headphones,Female,16.0,3,4053.23,16415.59
2023-04-05,South,Sports,Cricket Bat,Male,37.0,3,1252.19,3756.56
2023-03-13,West,Home & Kitchen,Cookware Set,Female,26.0,2,1783.54,3567.08
2024-07-04,North,Electronics,Laptop,Female,16.0,5,3075.37,15376.83
2023-06-03,North,Clothing,Jeans,Male,47.0,1,932.08,932.08
2023-09-07,North,Electronics,Smartphone,Male,35.0,1,2681.36,2681.36
2024-11-04,South,Home & Kitchen,Bedsheet,Female,28.0,3,1764.26,7145.25
2024-03-13,Central,Beauty,Lipstick,Female,23.0,1,513.01,513.01
2023-04-28,North,Sports,Cricket Bat,Female,35.0,2,770.97,1541.94
2023-11-02,North,Sports,Yoga Mat,Male,39.0,4,1489.0,8040.58
2023-09-25,South,Electronics,Smartwatch,Male,37.0,3,2925.47,8776.42
2023-02-23,West,Clothing,T-Shirt,Male,17.0,4,753.88,2412.41
2023-08-24,West,Electronics,Laptop,Female,39.0,1,2840.65,2840.65
2024-01-24,South,Beauty,Face Cream,Male,,5,558.79,2793.94
2024-02-05,West,Clothing,Sneakers,Male,30.0,2,928.96,1486.34
2024-09-15,East,Grocery,Rice 5kg,Female,45.0,1,261.99,261.99
2023-10-30,Central,Grocery,Snacks Pack,Female,24.0,2,257.9,696.34
2023-07-26,West,Home & Kitchen,Vacuum Cleaner,Male,48.0,1,1357.56,1357.56
2023-08-17,South,Clothing,T-Shirt,Male,35.0,1,816.33,816.33
2024-07-31,South,Sports,Yoga Mat,Female,28.0,1,860.59,860.59
2023-03-16,North,Sports,Cricket Bat,Male,30.0,3,1081.69,3245.07
2024-03-10,South,Clothing,Jacket,Male,44.0,4,808.94,3235.75
2023-04-13,Central,Home & Kitchen,Mixer,Male,36.0,5,1077.36,5386.79
2024-02-26,South,Sports,Cricket Bat,Female,41.0,4,1452.01,4646.42
2024-12-04,South,Electronics,Headphones,Female,45.0,4,4224.68,22813.29
2023-11-02,West,Clothing,Jeans,Male,28.0,2,761.78,2056.82
2023-04-08,East,Electronics,Laptop,Male,35.0,3,2604.83,7814.5
2023-12-01,North,Home & Kitchen,Bedsheet,Female,,3,1624.66,6579.86
2024-03-10,South,Electronics,Headphones,Female,45.0,1,3652.89,3652.89
2024-03-22,South,Clothing,Jeans,Female,29.0,4,1233.25,4933.01
2023-11-04,West,Clothing,Sneakers,Female,34.0,5,867.73,5857.17
2023-09-06,North,Home & Kitchen,Mixer,Female,59.0,2,1699.11,3398.22
2023-06-15,South,Sports,Dumbbells,Female,48.0,3,1446.2,4338.6
2024-04-25,East,Beauty,Shampoo,Male,22.0,1,608.98,608.98
2023-12-01,South,Beauty,Lipstick,Male,43.0,5,471.39,3181.85
2024-06-25,West,Grocery,Rice 5kg,Male,41.0,4,337.47,1349.9
2023-04-16,East,Electronics,Smartwatch,Female,21.0,5,2545.91,12729.55
2024-07-16,South,Clothing,Sneakers,Female,32.0,3,640.48,1921.45
2023-03-22,Central,Sports,Cricket Bat,Female,23.0,2,1348.7,2697.39
2023-05-13,West,Clothing,Jeans,Male,16.0,4,780.21,3120.83
2023-05-18,North,Electronics,Smartphone,Male,32.0,2,2244.5,4488.99
2023-07-03,East,Grocery,Beverages,Male,28.0,5,458.75,2293.73
2024-02-05,West,Clothing,Jacket,Male,21.0,5,909.59,3638.35
2023-11-26,West,Clothing,Sneakers,Female,33.0,1,780.48,1053.65
2024-05-22,North,Sports,Yoga Mat,Female,16.0,4,972.35,3889.39
2023-03-10,Central,Beauty,Lipstick,Male,34.0,5,521.03,2605.13
2024-06-29,East,Clothing,Jeans,Male,34.0,3,752.57,2257.71
2023-02-22,North,Sports,Dumbbells,Female,41.0,3,1417.74,3402.59
2024-03-25,North,Grocery,Beverages,Male,16.0,2,286.73,573.46
2023-07-24,North,Grocery,Snacks Pack,Female,57.0,3,382.65,1147.96
2023-05-06,West,Electronics,Smartphone,Male,53.0,5,2413.2,12065.99
2023-02-12,North,Electronics,Laptop,Male,25.0,3,4366.93,10480.63
2023-04-21,North,Grocery,Beverages,Male,50.0,4,392.81,1571.25
2024-10-24,Central,Beauty,Face Cream,Male,43.0,2,799.32,2158.17
2023-07-02,South,Grocery,Beverages,Female,29.0,4,342.48,1369.92
2023-04-05,North,Electronics,Smartwatch,Male,27.0,5,4055.91,20279.53
2024-01-09,North,Electronics,Laptop,Male,28.0,5,4152.19,20760.93
2024-06-03,North,Beauty,Face Cream,Male,65.0,3,715.24,2145.72
2023-12-26,North,Electronics,Headphones,Male,48.0,1,2448.2,3305.07
2024-11-26,West,Home & Kitchen,Vacuum Cleaner,Male,31.0,1,1066.88,1440.29
2023-10-08,North,Electronics,Smartphone,Female,32.0,5,2617.57,17668.62
2023-07-14,North,Electronics,Headphones,Female,43.0,5,2504.54,12522.68
2023-07-14,West,Grocery,Rice 5kg,Female,42.0,2,422.66,845.32
2024-10-28,West,Grocery,Snacks Pack,Male,23.0,5,381.47,2574.9
2023-04-03,South,Clothing,Jeans,Male,37.0,5,961.35,4806.75
2024-11-02,East,Clothing,Jeans,Male,27.0,2,789.31,2131.13
2023-03-02,South,Beauty,Lipstick,Male,35.0,4,484.94,1939.74
2024-09-25,East,Clothing,Sneakers,Female,33.0,4,760.13,3040.5
2023-02-20,East,Home & Kitchen,Vacuum Cleaner,Female,45.0,2,1470.29,2352.47
2024-02-07,South,Sports,Football,Female,31.0,2,1339.91,2143.86
2023-01-05,Central,Electronics,Laptop,Male,35.0,4,2810.12,11240.47
2024-04-10,North,Sports,Dumbbells,Male,16.0,4,1307.93,5231.73
2024-08-26,West,Electronics,Laptop,Female,37.0,4,3340.99,13363.95
2024-11-12,North,Home & Kitchen,Vacuum Cleaner,Male,25.0,4,1979.71,10690.45
2024-06-17,West,Clothing,T-Shirt,Male,17.0,3,776.74,2330.21
2024-02-09,East,Sports,Cricket Bat,Female,46.0,2,1117.16,1787.46
2024-05-27,Central,Clothing,T-Shirt,Female,33.0,1,690.9,690.9
2024-10-06,North,Clothing,Sneakers,Female,16.0,3,841.15,3406.64
2023-08-21,East,Sports,Yoga Mat,Male,25.0,1,1160.3,1160.3
2024-06-07,East,Home & Kitchen,Mixer,Male,34.0,1,1819.38,1819.38
2023-12-12,West,Home & Kitchen,Mixer,Male,34.0,5,1257.98,8491.37
2023-02-15,East,Clothing,T-Shirt,Female,28.0,2,767.4,1227.84
2024-06-29,East,Grocery,Beverages,Male,16.0,3,399.74,1199.21
2023-03-19,South,Electronics,Smartwatch,Female,27.0,2,3096.71,6193.41
2024-12-30,South,Electronics,Laptop,Female,45.0,4,3319.89,17927.42
2023-03-14,East,Home & Kitchen,Vacuum Cleaner,Female,49.0,2,1927.94,3855.88
2023-09-06,North,Clothing,Jacket,Male,27.0,1,944.42,944.42
2023-02-16,Central,Sports,Cricket Bat,Male,54.0,4,1272.42,4071.76
2023-05-01,West,Sports,Football,Female,16.0,2,1275.72,2551.43
2023-08-02,Central,Grocery,Beverages,Female,25.0,2,441.88,883.77
2023-08-27,South,Beauty,Face Cream,Female,43.0,1,688.02,688.02
2023-02-25,Central,Grocery,Rice 5kg,Male,42.0,4,260.88,834.81
2023-12-16,West,Electronics,Laptop,Male,33.0,1,3006.47,4058.73
2023-04-17,West,Grocery,Snacks Pack,Female,21.0,2,487.38,974.76
2023-02-17,West,Clothing,T-Shirt,Male,21.0,3,753.8,1809.12
2024-07-26,South,Clothing,Sneakers,Female,26.0,3,999.64,2998.92
2023-12-03,West,Beauty,Lipstick,Female,22.0,5,774.04,5224.74
2023-01-26,East,Home & Kitchen,Mixer,Male,35.0,3,1665.89,4997.66
2023-09-14,North,Beauty,Shampoo,Male,32.0,4,576.35,2305.41
2023-01-08,South,Clothing,Jeans,Female,21.0,5,680.54,3402.72
2024-09-16,Central,Grocery,Beverages,Male,30.0,4,333.61,1334.43
2023-09-10,Central,Electronics,Laptop,Female,16.0,3,2647.83,7943.49
2024-11-22,Central,Grocery,Cooking Oil,Female,37.0,3,480.41,1945.67
2024-12-19,West,Grocery,Cooking Oil,Female,41.0,2,420.18,1134.49
2023-10-30,South,Home & Kitchen,Vacuum Cleaner,Female,23.0,4,1836.85,9919.0
2024-09-30,North,Clothing,Jeans,Male,25.0,1,904.66,904.66
2023-02-25,North,Electronics,Headphones,Male,36.0,2,2486.32,3978.11
2024-12-26,North,Electronics,Smartphone,Female,35.0,4,2837.44,15322.2
2024-06-09,South,Grocery,Snacks Pack,Male,42.0,5,308.63,1543.15
2024-04-18,North,Sports,Cricket Bat,Female,25.0,4,1144.82,4579.28
2023-01-28,South,Clothing,Jeans,Female,26.0,5,920.42,4602.09
2023-03-19,Central,Grocery,Beverages,Male,31.0,5,351.19,1755.93
2023-08-04,South,Beauty,Face Cream,Male,22.0,3,628.31,1884.93
2024-01-21,Central,Home & Kitchen,Mixer,Female,31.0,1,2086.37,2086.37
2023-12-31,East,Grocery,Beverages,Female,22.0,4,318.1,1717.72
2024-10-27,South,Beauty,Lipstick,Male,38.0,1,678.41,915.86
2024-06-09,South,Clothing,Jeans,Female,23.0,5,780.89,3904.45
2024-11-29,North,Clothing,Jeans,Female,36.0,3,923.96,3742.05
2023-11-08,South,Electronics,Laptop,Female,50.0,1,2688.11,3628.95
2023-01-07,West,Sports,Yoga Mat,Male,38.0,2,1199.81,2399.62
2023-01-03,North,Sports,Cricket Bat,Male,35.0,5,974.06,4870.3
2024-09-14,North,Grocery,Beverages,Female,18.0,2,254.01,508.03
2023-12-29,South,Electronics,Smartwatch,Female,49.0,1,4066.21,5489.38
2024-05-22,Central,Home & Kitchen,Vacuum Cleaner,Male,46.0,1,1184.67,1184.67
2023-10-01,West,Electronics,Headphones,Female,32.0,1,3064.41,4136.95
2024-05-20,West,Electronics,Headphones,Female,29.0,4,3308.88,13235.51
2023-01-15,North,Grocery,Snacks Pack,Male,25.0,5,350.96,1754.79
2023-07-11,West,Sports,Yoga Mat,Female,53.0,5,1328.76,6643.81
2024-09-22,West,Sports,Yoga Mat,Female,42.0,5,1229.52,6147.59
2024-04-29,East,Grocery,Cooking Oil,Male,25.0,4,317.37,1269.46
2023-01-28,Central,Electronics,Headphones,Male,46.0,1,2355.81,2355.81
2024-12-14,South,Clothing,T-Shirt,Female,48.0,1,1113.58,1503.34
2023-02-08,Central,Clothing,T-Shirt,Male,33.0,2,852.09,1363.35
2023-09-30,Central,Grocery,Snacks Pack,Male,30.0,4,462.98,1851.93
2023-08-19,North,Beauty,Perfume,Female,23.0,3,585.92,1757.77
2023-03-27,East,Clothing,Jacket,Female,41.0,4,1082.12,4328.5
2024-04-18,Central,Clothing,Jacket,Female,29.0,2,1221.93,2443.85
2023-05-06,North,Electronics,Smartwatch,Female,28.0,2,3698.58,7397.16
2024-06-20,East,Clothing,Jacket,Male,33.0,2,890.5,1781.0
2023-05-25,Central,Home & Kitchen,Cookware Set,Male,25.0,1,1645.77,1645.77
2024-06-08,East,Electronics,Smartwatch,Male,50.0,3,3457.32,10371.95
2023-07-31,North,Home & Kitchen,Bedsheet,Male,44.0,2,1664.06,3328.12
2023-01-25,East,Beauty,Perfume,Female,34.0,5,481.66,2408.32
2024-08-02,North,Home & Kitchen,Mixer,Female,24.0,1,1783.44,1783.44
2024-01-29,East,Electronics,Laptop,Male,25.0,3,2564.9,7694.69
2023-03-08,North,Electronics,Headphones,Male,24.0,5,2272.74,11363.71
2023-08-21,East,Home & Kitchen,Vacuum Cleaner,Male,20.0,3,1706.02,5118.06
2023-04-19,East,Clothing,Jacket,Female,37.0,3,703.66,2110.97
2023-05-26,West,Clothing,T-Shirt,Male,26.0,5,1115.36,5576.8
2023-04-21,West,Home & Kitchen,Mixer,Male,26.0,4,1959.26,7837.06
2023-08-16,East,Home & Kitchen,Mixer,Female,25.0,3,2041.97,6125.92
2023-04-21,West,Grocery,Rice 5kg,Male,45.0,4,407.8,1631.19
2024-04-14,North,Clothing,Jeans,Male,25.0,3,933.67,2801.01
2023-02-03,East,Beauty,Face Cream,Female,47.0,5,567.96,2271.83
2024-09-14,North,Clothing,Jacket,Male,30.0,3,939.28,2817.85
2024-01-04,Central,Electronics,Laptop,Female,20.0,2,2666.39,5332.78
2024-08-17,North,Home & Kitchen,Cookware Set,Male,39.0,2,1415.84,2831.69
2024-07-07,South,Home & Kitchen,Mixer,Male,43.0,3,1803.83,5411.48
2024-02-29,West,Sports,Yoga Mat,Male,24.0,5,937.42,3749.66
2024-09-04,East,Grocery,Cooking Oil,Female,34.0,5,309.7,1548.48
2024-06-01,North,Sports,Yoga Mat,Female,37.0,1,1346.98,1346.98
2024-11-22,East,Sports,Football,Female,35.0,5,906.93,6121.8
2023-10-09,West,Grocery,Cooking Oil,Female,28.0,4,305.24,1648.31
2023-11-16,West,Home & Kitchen,Bedsheet,Female,43.0,3,1068.42,4327.12
2024-03-18,South,Home & Kitchen,Bedsheet,Male,31.0,2,1806.05,3612.11
2023-11-11,East,Sports,Cricket Bat,Male,27.0,5,1245.79,8409.05
2024-01-12,East,Grocery,Beverages,Male,16.0,2,415.12,830.25
2023-10-16,West,Electronics,Smartphone,Male,16.0,1,2720.09,3672.13
2024-03-12,East,Grocery,Snacks Pack,Male,36.0,3,413.41,1240.22
2024-10-23,East,Electronics,Laptop,Male,33.0,5,3575.88,24137.21
2023-10-04,South,Home & Kitchen,Mixer,Male,43.0,2,1434.43,3872.96
2024-12-10,North,Clothing,Sneakers,Male,46.0,5,905.83,6114.35
2024-08-04,North,Grocery,Rice 5kg,Male,31.0,1,384.14,384.14
2024-05-17,North,Beauty,Shampoo,Female,44.0,2,627.18,1254.37
2024-09-15,East,Clothing,Sneakers,Female,27.0,2,1034.35,2068.7
2024-05-30,East,Electronics,Headphones,Male,32.0,3,2645.39,7936.18
2023-12-16,North,Clothing,Jacket,Male,32.0,3,970.65,3931.12
2024-03-21,Central,Grocery,Snacks Pack,Male,51.0,2,355.32,710.64
2023-12-16,North,Clothing,T-Shirt,Female,19.0,3,920.44,3727.79
2024-08-29,West,Clothing,T-Shirt,Male,34.0,2,925.71,1851.42
2024-10-25,West,Electronics,Headphones,Female,26.0,4,4214.5,22758.28
2023-05-17,South,Home & Kitchen,Cookware Set,Male,30.0,5,1909.56,9547.79
2023-08-31,North,Clothing,Jeans,Male,30.0,4,1026.63,4106.52
2024-06-26,West,Grocery,Snacks Pack,Male,34.0,4,420.54,1682.16
2023-02-09,South,Electronics,Smartphone,Male,48.0,5,2335.88,9343.51
2023-08-17,Central,Grocery,Cooking Oil,Female,54.0,2,427.28,854.56
2024-07-01,East,Clothing,Sneakers,Male,41.0,2,936.28,1872.57
2023-08-11,Central,Home & Kitchen,Cookware Set,Female,23.0,3,1383.63,4150.9
2023-01-06,South,Clothing,Sneakers,Female,32.0,1,718.06,718.06
2023-11-18,West,Grocery,Cooking Oil,Female,36.0,2,263.43,711.25
2024-04-12,East,Sports,Yoga Mat,Male,29.0,5,804.56,4022.81
2023-03-16,West,Sports,Cricket Bat,Male,30.0,1,894.58,894.58
2023-01-04,North,Home & Kitchen,Vacuum Cleaner,Male,33.0,5,1081.65,5408.25
2024-10-07,West,Home & Kitchen,Cookware Set,Male,42.0,5,1819.27,12280.1
2023-04-28,East,Beauty,Face Cream,Female,39.0,5,524.42,2622.09
2024-08-28,West,Grocery,Rice 5kg,Male,27.0,1,335.34,335.34
2024-05-18,South,Electronics,Headphones,Female,40.0,4,4082.88,16331.54
2024-07-27,Central,Beauty,Lipstick,Male,52.0,5,468.16,2340.78
2024-03-16,North,Home & Kitchen,Vacuum Cleaner,Female,17.0,3,1927.37,5782.12
2023-07-13,West,Electronics,Smartwatch,Male,29.0,2,3672.57,7345.14
2024-12-15,Central,Clothing,T-Shirt,Male,28.0,2,845.48,2282.79
2024-01-27,West,Clothing,Jacket,Female,34.0,2,704.22,1408.44
2023-01-26,East,Home & Kitchen,Vacuum Cleaner,Male,16.0,1,1146.07,1146.07
2024-03-10,South,Clothing,Jeans,Female,48.0,3,841.37,2524.12
2023-06-22,Central,Electronics,Smartwatch,Male,34.0,3,2554.37,7663.1
2023-10-27,South,Electronics,Smartwatch,Male,37.0,3,2839.67,11500.67
2024-10-06,East,Home & Kitchen,Cookware Set,Female,36.0,3,1105.6,4477.69
2023-11-22,West,Grocery,Beverages,Female,28.0,3,390.78,1582.65
2024-02-14,West,Clothing,T-Shirt,Male,41.0,4,721.52,2308.88
2023-04-28,North,Electronics,Headphones,Female,34.0,3,3935.08,11805.24
2024-12-24,West,Electronics,Smartwatch,Female,16.0,3,2728.71,11051.28
2023-08-13,West,Sports,Football,Female,32.0,1,1384.44,1384.44
2024-06-15,North,Home & Kitchen,Vacuum Cleaner,Male,30.0,1,1249.38,1249.38
2023-04-23,Central,Home & Kitchen,Bedsheet,Male,41.0,3,1807.43,5422.3
2023-05-20,North,Electronics,Laptop,Female,63.0,4,2986.09,11944.35
2024-07-12,South,Grocery,Cooking Oil,Female,38.0,3,387.86,1163.59
2023-01-01,North,Home & Kitchen,Vacuum Cleaner,Male,57.0,3,1090.59,3271.78
2023-03-31,North,Clothing,Jeans,Male,26.0,3,942.0,2826.01
2024-10-15,Central,Electronics,Smartphone,Male,27.0,5,2573.06,17368.16
2023-11-16,South,Clothing,T-Shirt,Female,31.0,4,936.38,5056.46
2024-07-03,South,Beauty,Face Cream,Male,38.0,2,479.37,958.74
2023-05-19,North,Beauty,Shampoo,Male,26.0,3,603.58,1810.73
2024-05-25,East,Grocery,Beverages,Male,16.0,2,272.1,544.2
2023-09-16,East,Grocery,Rice 5kg,Female,34.0,4,298.89,1195.55
2024-11-03,South,Electronics,Smartphone,Male,21.0,3,3572.98,14470.56
2024-11-20,South,Home & Kitchen,Vacuum Cleaner,Male,46.0,2,2075.49,5603.83
2023-01-10,Central,Grocery,Snacks Pack,Female,41.0,2,355.05,710.1
2023-09-18,South,Clothing,Sneakers,Female,25.0,4,1062.92,4251.68
2024-10-11,East,Beauty,Perfume,Male,39.0,3,646.56,2618.56
2023-06-21,South,Electronics,Laptop,Male,27.0,5,3356.32,16781.61
2023-01-13,West,Clothing,Jeans,Female,33.0,4,670.76,2683.05
2023-06-17,South,Grocery,Snacks Pack,Female,33.0,5,280.35,1401.76
2024-10-03,East,Grocery,Snacks Pack,Female,30.0,3,461.35,1868.46
2024-08-18,South,Grocery,Snacks Pack,Female,43.0,2,345.49,690.98
2023-11-17,Central,Electronics,Laptop,Female,21.0,4,3616.1,19526.97
2023-11-15,South,Beauty,Shampoo,Female,39.0,4,641.86,3466.03
2024-09-04,West,Home & Kitchen,Vacuum Cleaner,Male,37.0,4,1447.83,5791.31
2023-11-25,South,Home & Kitchen,Bedsheet,Male,18.0,1,1457.21,1967.23
2024-07-03,North,Sports,Cricket Bat,Male,25.0,3,1197.71,3593.12
2024-02-23,West,Grocery,Beverages,Male,21.0,1,279.58,223.66
2024-08-28,South,Electronics,Headphones,Female,29.0,4,3107.46,12429.84
2023-04-05,Central,Grocery,Beverages,Male,34.0,4,354.51,1418.04
2024-08-03,Central,Electronics,Headphones,Female,23.0,5,4446.68,22233.41
2023-11-14,Central,Electronics,Headphones,Male,44.0,1,3027.26,4086.8
2023-08-24,North,Clothing,T-Shirt,Male,45.0,2,1036.08,2072.17
2023-11-30,West,Sports,Cricket Bat,Female,47.0,3,875.81,3547.03
2024-01-11,South,Electronics,Smartphone,Male,16.0,2,2386.68,4773.36
2024-04-03,Central,Grocery,Beverages,Male,55.0,2,458.53,917.06
2023-05-17,West,Electronics,Headphones,Male,35.0,3,3876.85,11630.54
2024-08-10,Central,Grocery,Beverages,Female,34.0,4,322.79,1291.15
2024-06-30,East,Home & Kitchen,Vacuum Cleaner,Male,32.0,5,1579.81,7899.03
2024-05-27,East,Grocery,Rice 5kg,Female,19.0,4,278.26,1113.03
2023-10-23,North,Clothing,Sneakers,Male,37.0,4,1075.51,5807.76
2023-11-16,West,Grocery,Cooking Oil,Female,51.0,1,262.23,354.01
2024-07-25,South,Sports,Dumbbells,Male,35.0,2,1352.92,2705.83
2023-12-15,East,Grocery,Rice 5kg,Female,21.0,2,378.97,1023.23
2023-08-17,West,Home & Kitchen,Vacuum Cleaner,Female,17.0,2,1342.79,2685.59
2023-09-27,East,Sports,Dumbbells,Female,30.0,5,1434.18,7170.91
2023-10-18,North,Electronics,Laptop,Female,25.0,5,4448.8,30029.41
2024-12-25,East,Grocery,Cooking Oil,Male,41.0,5,307.32,2074.38
2023-06-14,South,Beauty,Lipstick,Female,49.0,3,758.62,2275.87
2023-01-05,East,Electronics,Smartwatch,Male,39.0,5,3920.37,19601.86
2024-01-14,North,Home & Kitchen,Cookware Set,Female,33.0,1,1834.55,1834.55
2023-03-19,North,Clothing,Jeans,Male,32.0,1,1233.06,1233.06
2024-02-14,South,Home & Kitchen,Cookware Set,Male,34.0,4,1560.95,4995.03
2024-07-27,West,Grocery,Rice 5kg,Male,21.0,4,410.17,1640.68
2023-05-12,North,Clothing,T-Shirt,Male,40.0,4,1149.04,4596.17
2024-08-23,South,Home & Kitchen,Bedsheet,Male,22.0,4,1553.51,6214.05
2023-02-11,Central,Clothing,Sneakers,Female,46.0,1,933.3,746.64
2023-03-30,North,Clothing,Sneakers,Male,30.0,4,830.75,3323.01
2024-02-06,East,Electronics,Laptop,Male,43.0,1,3989.05,3191.24
2023-10-23,West,Beauty,Shampoo,Female,17.0,5,708.2,4780.37
2023-10-22,Central,Electronics,Smartwatch,Male,43.0,5,3250.55,21941.24
2024-09-07,West,Beauty,Shampoo,Female,48.0,3,596.12,1788.36
2024-06-09,West,Home & Kitchen,Mixer,Female,19.0,4,1126.22,4504.88
2024-11-21,Central,Clothing,Jeans,Female,32.0,5,634.1,4280.15
2024-09-28,East,Grocery,Snacks Pack,Female,37.0,5,374.58,1872.9
2024-02-26,West,Home & Kitchen,Vacuum Cleaner,Male,38.0,2,1488.37,2381.39
2023-01-23,North,Home & Kitchen,Cookware Set,Male,30.0,2,1885.84,3771.68
2024-07-28,Central,Electronics,Laptop,Male,28.0,1,3455.55,3455.55
2023-05-23,East,Clothing,Jacket,Female,36.0,3,1220.12,3660.37
2024-10-26,East,Clothing,T-Shirt,Male,37.0,2,753.57,2034.64
2023-05-25,South,Electronics,Smartwatch,Male,27.0,3,4457.94,13373.81
2023-08-13,West,Clothing,Jacket,Male,24.0,5,817.69,4088.45
2024-05-17,North,Electronics,Smartwatch,Female,47.0,1,3679.03,3679.03
2024-09-07,Central,Clothing,Jeans,Male,35.0,3,946.17,2838.5
2023-04-14,Central,Electronics,Smartphone,Female,16.0,2,3045.45,6090.9
2023-02-08,North,Electronics,Laptop,Male,47.0,5,2552.05,10208.21
2023-07-17,West,Electronics,Smartphone,Male,27.0,4,2542.03,10168.11
2024-10-07,West,Sports,Cricket Bat,Male,34.0,5,1317.86,8895.55
2024-08-01,West,Electronics,Laptop,Female,38.0,2,3085.92,6171.83
2024-01-26,South,Grocery,Snacks Pack,Female,17.0,2,480.52,961.04
2023-06-28,South,Electronics,Laptop,Male,30.0,4,2969.45,11877.81
2024-07-07,South,Sports,Football,Male,48.0,5,1527.31,7636.57
2024-03-23,South,Electronics,Smartphone,Female,45.0,3,2700.15,8100.44
2024-05-14,Central,Sports,Yoga Mat,Male,30.0,3,849.17,2547.5
2023-01-15,North,Grocery,Beverages,Male,41.0,5,321.58,1607.9
2024-09-14,Central,Electronics,Smartphone,Male,43.0,3,4223.71,12671.13
2024-10-30,South,Beauty,Shampoo,Male,42.0,5,639.18,4314.45
2023-10-16,East,Home & Kitchen,Vacuum Cleaner,Male,21.0,5,1192.43,8048.92
2024-04-22,West,Clothing,Sneakers,Male,52.0,2,757.57,1515.15
2023-08-19,Central,Grocery,Snacks Pack,Male,28.0,1,321.26,321.26
2024-02-24,South,Sports,Football,Female,35.0,2,1224.43,1959.09
2023-06-06,East,Home & Kitchen,Vacuum Cleaner,Male,30.0,3,1399.0,4196.99
2024-07-03,South,Clothing,Jacket,Female,36.0,1,1100.64,1100.64
2024-03-16,North,Grocery,Snacks Pack,Male,24.0,5,395.99,1979.96
2023-04-07,South,Grocery,Beverages,Female,31.0,3,459.09,1377.26
2024-02-15,East,Beauty,Perfume,Male,36.0,4,630.4,2017.29
2023-10-16,South,Grocery,Cooking Oil,Female,47.0,3,326.14,1320.86
2023-09-11,West,Clothing,Jacket,Male,46.0,1,1257.65,1257.65
2023-07-15,South,Sports,Dumbbells,Female,46.0,1,1043.84,1043.84
2024-08-20,East,Electronics,Headphones,Male,43.0,5,3200.07,16000.35
2024-06-05,South,Clothing,Sneakers,Male,54.0,4,1139.75,4559.0
2024-05-31,West,Home & Kitchen,Vacuum Cleaner,Female,30.0,5,1143.07,5715.34
2024-09-26,Central,Home & Kitchen,Mixer,Female,32.0,4,1455.81,5823.26
2023-04-28,East,Electronics,Laptop,Male,31.0,4,2431.99,9727.96
2023-06-08,West,Grocery,Beverages,Female,33.0,5,279.13,1395.65
2023-08-16,South,Clothing,T-Shirt,Male,18.0,3,632.92,1898.77
2023-08-04,East,Clothing,T-Shirt,Male,36.0,2,636.01,1272.03
2024-11-26,South,Beauty,Perfume,Female,39.0,4,579.72,3130.49
2023-01-15,South,Clothing,Jacket,Male,31.0,1,1139.77,1139.77
2023-06-06,West,Electronics,Smartwatch,Female,16.0,5,3554.89,17774.45
2024-10-09,Central,Electronics,Laptop,Male,34.0,3,3662.21,14831.94
2023-09-18,North,Sports,Cricket Bat,Female,19.0,4,1169.82,4679.29
2023-06-06,West,Electronics,Smartphone,Female,38.0,3,4076.34,12229.01
2023-02-16,East,Clothing,Jeans,Female,35.0,5,1184.64,4738.55
2023-11-20,North,Home & Kitchen,Bedsheet,Female,36.0,1,1942.23,2622.01
2024-11-15,North,Home & Kitchen,Vacuum Cleaner,Male,,4,1902.74,10274.79
2023-05-10,South,Electronics,Smartwatch,Female,47.0,4,2649.28,10597.11
2024-02-15,North,Home & Kitchen,Cookware Set,Male,35.0,3,1673.57,4016.57
2023-04-05,South,Clothing,Jeans,Female,23.0,5,996.76,4983.81
2024-09-18,South,Sports,Yoga Mat,Female,40.0,2,1176.52,2353.03
2023-10-19,South,Electronics,Headphones,Male,35.0,4,3317.02,17911.91
2023-10-10,West,Clothing,Jacket,Female,54.0,1,686.18,926.34
2023-03-10,East,Clothing,Jeans,Male,27.0,4,694.36,2777.45
2024-10-21,Central,Clothing,T-Shirt,Male,20.0,4,1198.44,6471.56
2023-01-11,South,Grocery,Beverages,Male,37.0,2,399.4,798.79
2023-09-11,West,Clothing,Jeans,Female,45.0,2,795.26,1590.52
2024-07-03,Central,Clothing,Sneakers,Male,59.0,5,805.96,4029.8
2023-05-14,West,Grocery,Rice 5kg,Female,70.0,4,394.5,1577.99
2024-12-12,South,Home & Kitchen,Bedsheet,Male,16.0,4,1477.28,7977.32
2023-01-23,West,Clothing,Jeans,Female,32.0,3,908.03,2724.1
2023-12-12,North,Electronics,Laptop,Male,20.0,3,2375.86,9622.22
2023-10-29,South,Electronics,Smartwatch,Female,31.0,1,2550.78,3443.55
2023-12-29,East,Electronics,Smartphone,Male,61.0,1,3121.1,4213.49
2024-01-31,East,Electronics,Smartphone,Male,24.0,3,3807.3,11421.89
2023-08-06,North,Home & Kitchen,Mixer,Male,33.0,1,1100.43,1100.43
2023-05-21,Central,Beauty,Shampoo,Female,27.0,4,560.51,2242.06
2024-09-07,West,Clothing,Jacket,Male,22.0,2,1067.9,2135.79
2023-07-29,East,Clothing,Jacket,Female,53.0,4,1128.99,4515.97
2024-09-14,Central,Electronics,Smartwatch,Male,17.0,3,2666.09,7998.28
2024-09-07,South,Clothing,Sneakers,Female,33.0,5,1090.84,5454.18
2024-11-13,Central,Electronics,Smartwatch,Male,34.0,5,4380.12,29565.82
2024-04-04,East,Sports,Dumbbells,Male,33.0,3,1468.25,4404.74
2023-12-22,North,Grocery,Snacks Pack,Male,30.0,4,438.4,2367.34
2023-11-20,West,Sports,Cricket Bat,Male,51.0,1,1318.49,1779.96
2023-05-13,West,Beauty,Lipstick,Male,16.0,1,518.76,518.76
2023-05-07,West,Home & Kitchen,Mixer,Female,38.0,5,1715.6,8577.99
2023-04-16,Central,Home & Kitchen,Cookware Set,Female,39.0,3,1725.44,5176.31
2024-08-26,West,Electronics,Smartphone,Female,37.0,3,3151.28,9453.84
2024-01-13,East,Home & Kitchen,Bedsheet,Male,24.0,2,1567.67,3135.33
2023-02-20,Central,Sports,Football,Male,47.0,5,1304.4,5217.61
2023-01-29,West,Electronics,Headphones,Female,46.0,3,4372.71,13118.12
2024-04-06,South,Beauty,Face Cream,Male,24.0,2,544.03,1088.06
2023-10-23,Central,Clothing,Jeans,Female,20.0,1,785.21,1060.03
2023-10-24,South,Beauty,Lipstick,Male,18.0,5,672.76,4541.12
2024-12-26,West,Sports,Cricket Bat,Female,36.0,5,870.72,5877.33
2024-02-11,Central,Grocery,Rice 5kg,Male,34.0,3,387.72,930.53
2024-09-04,West,Grocery,Snacks Pack,Female,30.0,3,266.77,800.31
2024-02-09,West,Home & Kitchen,Bedsheet,Male,56.0,4,1565.11,5008.36
2023-12-12,West,Beauty,Perfume,Female,28.0,1,680.57,918.77
2024-09-13,East,Sports,Football,Male,36.0,1,823.98,823.98
2024-02-24,Central,Grocery,Cooking Oil,Female,31.0,2,295.7,473.13
2023-07-01,North,Grocery,Snacks Pack,Female,55.0,2,327.17,654.33
2023-01-01,North,Grocery,Beverages,Male,16.0,4,335.31,1341.23
2024-07-20,South,Beauty,Face Cream,Male,30.0,1,703.96,703.96
2024-01-06,East,Home & Kitchen,Cookware Set,Male,40.0,2,1605.47,3210.94
2024-10-22,East,Beauty,Lipstick,Male,31.0,1,580.49,783.66
2024-03-06,Central,Home & Kitchen,Bedsheet,Male,19.0,1,1523.21,1523.21
2023-11-05,South,Electronics,Smartphone,Male,35.0,2,2269.07,6126.48
2023-05-17,East,Clothing,Jeans,Male,16.0,3,1115.43,3346.29
2023-07-21,North,Home & Kitchen,Bedsheet,Female,41.0,3,1093.05,3279.16
2024-03-11,South,Electronics,Headphones,Female,29.0,2,4097.67,8195.34
2023-11-09,West,Electronics,Laptop,Male,27.0,4,3451.83,18639.89
2023-04-27,North,Home & Kitchen,Cookware Set,Female,45.0,5,1604.21,8021.05
2024-10-27,South,Electronics,Laptop,Female,22.0,1,3818.26,5154.65
2024-07-28,North,Clothing,Sneakers,Male,17.0,5,1171.52,5857.61
2023-09-01,North,Grocery,Snacks Pack,Male,23.0,2,475.95,951.9
2024-06-20,East,Sports,Cricket Bat,Male,56.0,1,1188.39,1188.39
2024-08-24,North,Grocery,Beverages,Female,22.0,5,281.91,1409.56
2023-03-16,West,Sports,Cricket Bat,Female,38.0,3,1446.55,4339.64
2024-01-21,Central,Grocery,Beverages,Male,43.0,4,254.96,1019.86
2023-07-29,East,Clothing,T-Shirt,Female,23.0,5,1138.62,5693.11
2024-04-19,Central,Grocery,Beverages,Male,23.0,4,411.7,1646.81
2024-02-22,East,Grocery,Rice 5kg,Male,35.0,3,466.66,1119.98
2023-12-13,East,Clothing,Sneakers,Female,36.0,5,1195.4,8068.96
2024-06-12,Central,Electronics,Headphones,Female,48.0,2,2359.07,4718.13
2024-10-01,South,Grocery,Beverages,Male,25.0,1,394.31,532.32
2023-06-28,Central,Electronics,Headphones,Female,29.0,3,2519.26,7557.79
2023-07-01,North,Grocery,Cooking Oil,Female,65.0,4,264.22,1056.9
2024-10-25,East,Electronics,Laptop,Female,16.0,4,3244.14,17518.36
2023-01-25,North,Home & Kitchen,Bedsheet,Female,16.0,3,1152.48,3457.43
2023-06-29,West,Home & Kitchen,Mixer,Male,18.0,2,1814.3,3628.6
2024-12-10,East,Electronics,Smartphone,Male,46.0,2,4410.43,11908.15
2024-05-15,West,Clothing,Sneakers,Male,29.0,4,988.84,3955.35
2023-06-10,South,Grocery,Beverages,Female,29.0,3,302.62,907.85
2023-06-26,South,Beauty,Lipstick,Female,23.0,3,774.15,2322.44
2023-10-12,North,Beauty,Perfume,Male,44.0,1,778.3,1050.71
2023-03-04,South,Home & Kitchen,Mixer,Male,18.0,4,1819.43,7277.7
2024-10-23,Central,Grocery,Rice 5kg,Male,27.0,2,395.71,1068.41
2024-10-27,South,Clothing,Sneakers,Male,23.0,5,1176.71,7942.79
2023-06-05,Central,Clothing,Sneakers,Female,16.0,2,732.87,1465.75
2024-04-13,Central,Electronics,Smartwatch,Female,28.0,2,4326.78,8653.57
2023-02-18,South,Home & Kitchen,Cookware Set,Male,33.0,5,2044.56,8178.25
2023-03-25,West,Clothing,Sneakers,Female,25.0,4,1179.36,4717.42
2023-12-27,North,Electronics,Laptop,Female,31.0,1,2801.48,3782.0
2024-11-19,North,Grocery,Rice 5kg,Female,31.0,2,455.25,1229.19
2023-05-28,North,Grocery,Snacks Pack,Male,32.0,2,366.92,733.84
2024-09-21,East,Clothing,Sneakers,Male,22.0,4,1004.81,4019.22
2023-12-08,South,Electronics,Smartphone,Male,21.0,4,4122.95,22263.91
2024-04-20,East,Home & Kitchen,Bedsheet,Female,34.0,3,1081.06,3243.19
2023-03-04,East,Home & Kitchen,Bedsheet,Female,17.0,4,1431.09,5724.36
2024-12-01,South,Grocery,Beverages,Male,31.0,4,444.84,2402.16
2023-12-26,West,Clothing,Sneakers,Male,51.0,2,1142.79,3085.54
2024-07-14,West,Grocery,Beverages,Male,33.0,1,452.93,452.93
2023-11-23,North,Beauty,Face Cream,Male,16.0,2,491.07,1325.89
2023-05-21,North,Clothing,Jacket,Female,35.0,4,1074.71,4298.83
2023-08-03,West,Sports,Football,Male,43.0,3,882.81,2648.42
2024-03-10,South,Clothing,Sneakers,Male,25.0,1,1124.61,1124.61
2024-12-23,West,Clothing,Jeans,Female,30.0,3,784.43,3176.94
2023-11-14,South,Home & Kitchen,Mixer,Female,24.0,5,1824.71,12316.78
2023-02-01,South,Electronics,Laptop,Female,28.0,3,3259.2,7822.09
2024-10-31,North,Electronics,Smartwatch,Male,26.0,3,4449.23,18019.38
2023-10-12,South,Clothing,T-Shirt,Female,38.0,4,995.33,5374.8
2023-11-01,East,Grocery,Rice 5kg,Male,52.0,4,399.98,2159.9
2024-03-04,South,Sports,Yoga Mat,Female,34.0,4,1053.49,4213.94
2024-04-21,West,Grocery,Beverages,Male,17.0,4,424.96,1699.83
2023-10-13,Central,Electronics,Laptop,Male,61.0,4,3348.54,18082.14
2023-05-24,East,Grocery,Snacks Pack,Female,40.0,3,249.43,748.28
2024-02-28,West,Grocery,Cooking Oil,Female,42.0,5,394.1,1576.41
2023-01-19,South,Beauty,Shampoo,Female,33.0,4,768.79,3075.17
2023-01-18,South,Beauty,Perfume,Male,36.0,5,519.46,2597.28
2024-08-12,West,Beauty,Shampoo,Male,30.0,5,512.85,2564.23
2024-01-06,South,Clothing,T-Shirt,Female,43.0,2,1013.6,2027.2
2023-06-24,East,Grocery,Snacks Pack,Female,28.0,2,445.4,890.81
2023-07-13,North,Clothing,Sneakers,Female,39.0,1,787.26,787.26
2024-05-16,East,Sports,Dumbbells,Female,44.0,2,1487.84,2975.68
2023-04-23,Central,Electronics,Headphones,Male,47.0,4,4317.35,17269.39
2023-04-24,Central,Electronics,Smartwatch,Female,45.0,5,2689.2,13446.01
2023-08-10,West,Electronics,Smartwatch,Male,22.0,1,2830.88,2830.88
2024-11-08,West,Grocery,Snacks Pack,Male,51.0,2,416.65,1124.95
2024-10-05,East,Home & Kitchen,Mixer,Male,41.0,3,2049.32,8299.75
2023-09-21,East,Home & Kitchen,Vacuum Cleaner,Male,37.0,1,1795.38,1795.38
2023-02-24,North,Sports,Cricket Bat,Female,38.0,4,1112.57,3560.23
2024-10-04,East,Sports,Yoga Mat,Male,32.0,5,900.13,6075.88
2024-04-02,East,Clothing,Jacket,Female,28.0,4,920.44,3681.74
2023-06-11,Central,Clothing,Jeans,Male,29.0,4,1012.26,4049.05
2024-01-15,South,Beauty,Lipstick,Male,48.0,3,559.0,1677.0
2023-03-28,East,Sports,Cricket Bat,Male,34.0,3,1162.9,3488.7
2023-02-24,East,Home & Kitchen,Bedsheet,Female,37.0,5,1186.72,4746.9
2024-04-20,West,Grocery,Cooking Oil,Male,34.0,2,355.79,711.57
2023-06-27,West,Clothing,T-Shirt,Female,26.0,4,687.19,2748.76
2024-01-26,South,Beauty,Shampoo,Male,16.0,2,440.62,881.23
2023-12-15,East,Grocery,Beverages,Male,42.0,5,455.02,3071.41
2023-01-08,Central,Home & Kitchen,Vacuum Cleaner,Female,41.0,4,1265.34,5061.34
2023-11-09,East,Electronics,Smartphone,Female,33.0,2,3528.35,9526.54
2024-03-18,South,Sports,Football,Male,22.0,4,884.72,3538.87
2023-11-24,West,Grocery,Snacks Pack,Female,54.0,3,309.32,1252.74
2023-02-23,Central,Electronics,Smartwatch,Female,30.0,3,3049.4,7318.56
2023-08-27,North,Grocery,Cooking Oil,Female,36.0,1,280.2,280.2
2023-08-17,West,Grocery,Beverages,Female,26.0,5,256.26,1281.3
2024-08-01,Central,Home & Kitchen,Vacuum Cleaner,Female,19.0,2,1971.02,3942.04
2023-02-20,East,Grocery,Rice 5kg,Male,40.0,4,247.9,793.28
2024-08-31,Central,Home & Kitchen,Cookware Set,Female,17.0,1,1114.39,1114.39
2024-08-26,West,Sports,Dumbbells,Male,36.0,5,1389.91,6949.53
2023-09-21,West,Electronics,Laptop,Female,36.0,5,2871.7,14358.49
2024-02-22,West,Electronics,Laptop,Male,21.0,5,3859.12,15436.47
2023-04-06,North,Electronics,Smartphone,Male,19.0,2,2567.55,5135.09
2023-03-29,North,Grocery,Rice 5kg,Female,25.0,3,303.13,909.4
2023-03-19,East,Grocery,Cooking Oil,Male,27.0,1,385.33,385.33
2023-10-15,South,Beauty,Lipstick,Male,17.0,2,835.23,2255.11
2023-04-30,South,Grocery,Snacks Pack,Female,21.0,4,262.99,1051.98
2024-05-05,Central,Home & Kitchen,Mixer,Female,34.0,2,1470.58,2941.16
2024-03-27,Central,Sports,Dumbbells,Female,55.0,4,803.17,3212.69
2024-05-14,West,Clothing,Jeans,Male,45.0,4,755.51,3022.05
2023-06-14,Central,Beauty,Perfume,Female,35.0,5,801.14,4005.69
2023-07-01,West,Home & Kitchen,Cookware Set,Male,46.0,2,1151.28,2302.57
2024-04-13,South,Grocery,Rice 5kg,Male,46.0,3,454.93,1364.79
2023-01-07,North,Grocery,Rice 5kg,Female,30.0,4,288.56,1154.25
2023-11-26,East,Grocery,Rice 5kg,Female,36.0,5,456.14,3078.93
2024-11-03,West,Electronics,Headphones,Male,44.0,3,3445.17,13952.94
2023-05-31,South,Home & Kitchen,Mixer,Female,46.0,2,1972.12,3944.23
2023-03-26,West,Home & Kitchen,Cookware Set,Male,46.0,3,1209.29,3627.87
2023-05-27,North,Beauty,Face Cream,Male,22.0,2,740.06,1480.11
2024-09-15,West,Home & Kitchen,Mixer,Male,46.0,4,1764.73,7058.93
2024-01-16,West,Sports,Yoga Mat,Female,54.0,1,1188.06,1188.06
2024-07-01,West,Home & Kitchen,Mixer,Female,50.0,1,1901.12,1901.12
2023-10-12,Central,Home & Kitchen,Vacuum Cleaner,Female,22.0,4,1730.69,9345.73
2024-11-30,Central,Grocery,Snacks Pack,Female,19.0,3,459.88,1862.5
2023-03-23,Central,Home & Kitchen,Vacuum Cleaner,Female,39.0,2,1450.12,2900.23
2024-05-28,Central,Sports,Football,Male,50.0,1,1224.24,1224.24
2024-12-09,West,Grocery,Cooking Oil,Male,36.0,2,458.3,1237.4
2024-06-06,West,Home & Kitchen,Bedsheet,Male,31.0,4,1275.55,5102.22
2024-01-21,North,Electronics,Smartwatch,Female,33.0,3,3328.06,9984.18
2024-12-07,East,Clothing,Jacket,Female,45.0,2,1235.27,3335.22
2024-04-15,East,Clothing,Jeans,Male,30.0,3,928.37,2785.11
2023-04-29,South,Grocery,Rice 5kg,Male,39.0,1,306.94,306.94
2024-01-31,South,Clothing,Sneakers,Male,,2,851.18,1702.36
2024-06-15,Central,Clothing,Jeans,Female,24.0,5,1187.6,5938.01
2023-09-18,Central,Electronics,Headphones,Male,23.0,1,4378.94,4378.94
2023-09-13,Central,Electronics,Headphones,Male,39.0,3,4368.24,13104.72
2023-08-14,South,Clothing,Jeans,Female,16.0,4,1070.33,4281.33
2023-02-22,North,Beauty,Lipstick,Female,39.0,5,634.03,2536.13
2024-05-14,North,Grocery,Cooking Oil,Male,32.0,2,289.76,579.52
2024-05-20,South,Grocery,Beverages,Male,44.0,1,275.19,275.19
2023-12-30,North,Grocery,Snacks Pack,Female,40.0,2,259.64,701.04
2023-10-07,North,Clothing,Jeans,Male,34.0,2,641.16,1731.13
2024-08-15,Central,Beauty,Shampoo,Female,22.0,5,788.81,3944.05
2024-12-14,West,Electronics,Smartwatch,Female,22.0,5,4052.35,27353.39
2023-06-07,South,Clothing,Sneakers,Male,26.0,5,987.73,4938.64
2024-09-23,North,Home & Kitchen,Cookware Set,Male,43.0,5,2098.66,10493.3
2023-02-28,East,Electronics,Headphones,Male,53.0,4,4374.84,13999.48
2024-12-27,North,Grocery,Rice 5kg,Male,37.0,3,405.5,1642.28
2023-05-08,Central,Clothing,T-Shirt,Female,27.0,5,922.68,4613.41
2024-12-21,South,Grocery,Snacks Pack,Female,28.0,1,282.28,381.08
2023-04-25,South,Home & Kitchen,Vacuum Cleaner,Male,29.0,2,1591.37,3182.75
2023-07-28,South,Electronics,Smartwatch,Male,45.0,5,2593.35,12966.73
2024-06-09,North,Grocery,Snacks Pack,Male,28.0,1,342.62,342.62
2024-06-04,West,Clothing,T-Shirt,Male,33.0,4,1223.87,4895.47
2024-07-05,West,Home & Kitchen,Cookware Set,Female,48.0,1,1409.08,1409.08
2023-08-25,West,Electronics,Laptop,Male,27.0,1,2582.24,2582.24
2023-10-08,North,Grocery,Snacks Pack,Female,40.0,4,387.69,2093.51
2023-12-25,East,Grocery,Rice 5kg,Male,43.0,4,392.58,2119.93
2023-07-20,East,Clothing,Jacket,Female,34.0,2,752.1,1504.19
2023-10-05,Central,Sports,Dumbbells,Female,55.0,5,921.37,6219.26
2023-08-23,South,Beauty,Shampoo,Male,52.0,1,835.61,835.61
2024-05-08,South,Grocery,Rice 5kg,Male,36.0,3,304.6,913.81
2023-01-04,East,Grocery,Beverages,Male,25.0,3,450.36,1351.07
2024-10-27,West,Clothing,T-Shirt,Male,25.0,2,926.3,2501.02
2024-03-17,East,Grocery,Beverages,Female,36.0,3,351.57,1054.72
2023-01-29,East,Electronics,Smartphone,Female,22.0,2,2900.72,5801.43
2023-04-19,East,Electronics,Smartphone,Female,36.0,5,3973.37,19866.85
2024-09-01,Central,Sports,Dumbbells,Female,52.0,2,1448.11,2896.22
2024-12-27,East,Grocery,Beverages,Male,34.0,4,308.98,1668.47
2023-03-16,Central,Home & Kitchen,Bedsheet,Female,33.0,4,1149.85,4599.41
2023-05-26,East,Clothing,Sneakers,Female,43.0,4,716.26,2865.04
2023-05-08,Central,Grocery,Beverages,Male,39.0,4,439.24,1756.95
2023-02-11,Central,Electronics,Smartwatch,Male,21.0,4,3216.25,10292.01
2023-12-22,South,Electronics,Smartphone,Female,28.0,4,2535.49,13691.64
2023-02-10,Central,Electronics,Smartwatch,Male,54.0,4,3002.25,9607.19
2023-02-03,North,Home & Kitchen,Vacuum Cleaner,Male,37.0,4,1589.95,5087.83
2023-01-17,Central,Grocery,Cooking Oil,Female,22.0,4,453.75,1815.01
2024-11-07,West,Electronics,Headphones,Female,31.0,5,3677.5,24823.16
2023-06-02,North,Grocery,Cooking Oil,Male,16.0,4,288.13,1152.51
2024-01-13,West,Clothing,T-Shirt,Male,16.0,2,729.98,1459.97
2024-08-10,Central,Grocery,Rice 5kg,Female,44.0,5,346.02,1730.11
2024-08-21,North,Sports,Yoga Mat,Female,33.0,3,827.9,2483.7
2024-09-20,East,Grocery,Beverages,Male,39.0,1,430.12,430.12
2023-12-08,West,Beauty,Lipstick,Female,46.0,5,588.61,3973.12
2023-01-27,West,Sports,Football,Female,37.0,4,1034.13,4136.51
2023-10-14,South,Home & Kitchen,Bedsheet,Female,42.0,5,1584.56,10695.81
2024-10-07,North,Grocery,Snacks Pack,Male,36.0,1,418.69,565.24
2023-06-17,North,Beauty,Shampoo,Male,48.0,1,659.13,659.13
2024-09-01,East,Clothing,Jeans,Female,53.0,4,1135.51,4542.06
2023-09-25,East,Clothing,Jeans,Male,36.0,4,1026.5,4105.99
2024-03-30,Central,Sports,Dumbbells,Female,35.0,2,1376.74,2753.47
2024-11-15,North,Grocery,Beverages,Male,37.0,1,415.71,561.21
2024-02-05,West,Clothing,Sneakers,Male,32.0,4,751.67,2405.34
2024-04-20,North,Home & Kitchen,Cookware Set,Male,29.0,1,1104.97,1104.97
2024-12-02,North,Grocery,Cooking Oil,Male,45.0,2,466.33,1259.1
2024-09-25,East,Home & Kitchen,Mixer,Female,29.0,3,2042.94,6128.82
2024-07-11,East,Grocery,Rice 5kg,Male,28.0,1,423.1,423.1
2024-07-29,West,Grocery,Beverages,Female,43.0,2,422.43,844.86
2023-05-10,Central,Grocery,Cooking Oil,Female,44.0,2,311.19,622.37
2023-12-29,West,Home & Kitchen,Bedsheet,Male,59.0,2,1619.56,4372.82
2024-12-05,Central,Grocery,Beverages,Female,47.0,5,488.1,3294.67
2024-11-23,Central,Grocery,Rice 5kg,Male,43.0,4,454.76,2455.68
2023-10-19,East,Grocery,Snacks Pack,Female,44.0,1,319.58,431.43
2024-01-06,Central,Clothing,Sneakers,Female,32.0,5,819.66,4098.29
2023-01-29,West,Clothing,Jacket,Male,40.0,1,934.65,934.65
2023-05-29,North,Sports,Yoga Mat,Male,40.0,5,1081.54,5407.7
2023-10-23,West,Electronics,Smartphone,Female,28.0,4,3071.38,16585.47
2023-01-11,North,Clothing,Jeans,Female,33.0,2,1024.99,2049.98
2024-05-26,East,Home & Kitchen,Bedsheet,Male,44.0,1,1062.07,1062.07
2024-11-06,West,Beauty,Face Cream,Female,33.0,2,740.6,1999.63
2023-04-23,North,Electronics,Headphones,Male,40.0,4,3897.72,15590.87
2023-07-06,South,Clothing,Sneakers,Female,43.0,1,1153.11,1153.11
2023-08-15,Central,Electronics,Smartwatch,Male,43.0,3,4124.85,12374.55
2023-11-06,East,Grocery,Rice 5kg,Female,53.0,3,383.77,1554.26
2023-04-08,South,Clothing,Jacket,Male,27.0,3,1121.45,3364.34
2023-02-24,West,Clothing,Sneakers,Female,52.0,4,940.21,3008.67
2024-09-14,East,Home & Kitchen,Vacuum Cleaner,Female,39.0,3,2049.11,6147.32
2024-10-25,East,Beauty,Lipstick,Female,43.0,1,500.09,675.13
2024-02-10,Central,Clothing,Sneakers,Female,41.0,3,1206.84,2896.41
2023-03-10,West,Electronics,Laptop,Male,41.0,1,2819.11,2819.11
2023-11-08,South,Home & Kitchen,Vacuum Cleaner,Female,26.0,4,1157.86,6252.44
2023-10-16,West,Sports,Cricket Bat,Female,42.0,2,1108.11,2991.9
2024-07-01,Central,Grocery,Beverages,Female,18.0,5,395.65,1978.27
2023-05-28,North,Sports,Football,Female,57.0,3,947.86,2843.59
2024-04-11,North,Beauty,Shampoo,Male,38.0,5,653.43,3267.17
2023-09-01,North,Electronics,Smartwatch,Male,46.0,2,4049.68,8099.36
2024-05-05,West,Grocery,Beverages,Female,41.0,4,307.99,1231.94
2024-05-21,East,Clothing,Sneakers,Male,34.0,4,995.6,3982.41
2023-12-31,East,Home & Kitchen,Vacuum Cleaner,Female,28.0,2,1406.28,3796.95
2024-04-26,Central,Clothing,Jeans,Female,25.0,5,963.75,4818.77
2023-07-20,West,Clothing,Jeans,Female,42.0,3,1050.16,3150.48
2023-06-03,North,Sports,Football,Male,41.0,1,1039.83,1039.83
2024-03-25,South,Clothing,Sneakers,Male,40.0,4,1256.52,5026.1
2024-05-15,South,Beauty,Perfume,Female,,2,656.79,1313.57
2023-03-14,South,Electronics,Smartwatch,Male,38.0,5,4086.79,20433.97
2024-12-13,West,Electronics,Headphones,Male,29.0,3,3864.3,15650.43
2023-10-23,Central,Beauty,Face Cream,Female,26.0,5,778.18,5252.7
2023-01-17,South,Grocery,Cooking Oil,Female,30.0,3,287.58,862.74
2024-10-02,East,Grocery,Beverages,Male,31.0,1,299.53,404.36
2023-08-05,West,Clothing,T-Shirt,Female,50.0,1,937.07,937.07
2023-03-02,South,Home & Kitchen,Mixer,Male,18.0,2,1944.95,3889.89
2024-09-07,North,Grocery,Beverages,Female,33.0,2,293.41,586.83
2023-02-11,East,Grocery,Snacks Pack,Male,40.0,3,482.91,1158.99
2023-01-25,North,Home & Kitchen,Bedsheet,Female,55.0,3,1183.98,3551.95
2023-02-08,Central,Sports,Dumbbells,Male,27.0,3,904.81,2171.54
2023-05-11,North,Grocery,Snacks Pack,Female,21.0,3,285.97,857.92
2024-05-12,South,Sports,Football,Male,41.0,1,1221.22,1221.22
2023-08-17,East,Grocery,Cooking Oil,Female,35.0,2,469.8,939.6
2023-04-18,Central,Grocery,Cooking Oil,Male,31.0,2,307.5,615.0
2023-06-21,North,Electronics,Laptop,Male,38.0,4,3478.8,13915.21
2024-03-10,North,Clothing,T-Shirt,Female,43.0,2,740.74,1481.47
2024-04-22,North,Beauty,Perfume,Male,42.0,2,685.08,1370.15
2023-04-12,North,Clothing,Sneakers,Male,37.0,5,707.65,3538.23
2024-06-07,North,Electronics,Laptop,Male,48.0,5,3340.54,16702.68
2023-10-02,West,Clothing,T-Shirt,Male,36.0,4,1042.76,5630.93
2024-09-04,North,Clothing,T-Shirt,Male,34.0,3,994.85,2984.55
2023-02-13,North,Sports,Dumbbells,Male,41.0,4,877.8,2808.96
2023-01-17,Central,Beauty,Shampoo,Male,20.0,4,487.78,1951.11
2023-11-26,South,Home & Kitchen,Mixer,Female,40.0,1,1754.96,2369.2
2024-07-22,South,Electronics,Headphones,Female,30.0,2,4051.96,8103.91
2024-05-11,South,Grocery,Rice 5kg,Male,19.0,1,467.48,467.48
2023-01-12,Central,Grocery,Beverages,Female,38.0,2,444.33,888.67
2023-11-14,North,Sports,Cricket Bat,Female,28.0,4,1519.92,8207.58
2024-08-14,Central,Home & Kitchen,Cookware Set,Male,16.0,2,1478.66,2957.33
2023-08-04,West,Clothing,Sneakers,Male,24.0,3,838.63,2515.9
2023-12-05,North,Home & Kitchen,Cookware Set,Female,52.0,3,1079.59,4372.35
2024-10-22,Central,Sports,Cricket Bat,Male,27.0,4,1116.42,6028.67
2023-03-22,South,Grocery,Rice 5kg,Male,37.0,5,404.59,2022.93
2024-12-27,North,Grocery,Cooking Oil,Male,22.0,3,444.78,1801.34
2024-04-29,Central,Clothing,Sneakers,Female,57.0,4,798.5,3193.99
2024-01-09,West,Grocery,Beverages,Male,34.0,1,370.83,370.83
2024-12-10,East,Grocery,Cooking Oil,Female,26.0,5,407.19,2748.55
2023-07-19,North,Clothing,T-Shirt,Female,43.0,3,977.51,2932.53
2024-06-20,East,Home & Kitchen,Vacuum Cleaner,Female,56.0,4,1337.72,5350.89
2024-04-10,West,Clothing,Jeans,Female,29.0,4,1131.66,4526.63
2023-03-30,South,Clothing,Jeans,Male,26.0,1,739.22,739.22
2023-09-25,South,Electronics,Smartphone,Female,59.0,1,4267.15,4267.15
2024-10-16,North,Clothing,T-Shirt,Male,32.0,5,1230.14,8303.42
2024-07-24,North,Home & Kitchen,Bedsheet,Male,31.0,3,1433.85,4301.56
2024-05-03,Central,Electronics,Headphones,Male,16.0,4,3082.65,12330.59
2024-06-21,East,Clothing,Jeans,Male,33.0,5,1098.27,5491.33
2023-02-16,Central,Beauty,Face Cream,Male,19.0,5,611.64,2446.56
2023-10-15,South,Home & Kitchen,Mixer,Male,27.0,1,1080.04,1458.05
2023-01-16,West,Grocery,Cooking Oil,Male,16.0,4,470.37,1881.48
2024-12-11,South,Clothing,T-Shirt,Female,47.0,2,901.37,2433.71
2024-02-05,South,Grocery,Snacks Pack,Male,17.0,1,294.86,235.89
2023-03-27,North,Electronics,Headphones,Female,16.0,4,3484.69,13938.75
2023-09-07,South,Beauty,Face Cream,Male,24.0,5,511.94,2559.7
2024-01-26,East,Electronics,Smartwatch,Male,47.0,5,2701.49,13507.45
2023-12-01,Central,Grocery,Beverages,Male,29.0,3,378.7,1533.75
2024-09-20,West,Clothing,Jeans,Male,30.0,2,876.36,1752.71
2024-06-02,North,Grocery,Cooking Oil,Female,39.0,1,385.38,385.38
2023-05-17,North,Home & Kitchen,Bedsheet,Male,32.0,3,2096.67,6290.0
2024-11-18,North,Home & Kitchen,Vacuum Cleaner,Female,47.0,3,1951.97,7905.47
2024-05-12,East,Electronics,Headphones,Female,31.0,2,2257.18,4514.37
2024-12-27,West,Grocery,Snacks Pack,Male,31.0,1,257.39,347.47
2024-04-21,Central,Sports,Yoga Mat,Female,58.0,1,1239.76,1239.76
2024-08-16,North,Beauty,Lipstick,Male,34.0,5,683.03,3415.14
2023-08-11,East,Electronics,Smartphone,Female,36.0,1,4207.15,4207.15
2024-01-07,East,Clothing,T-Shirt,Female,31.0,3,1026.31,3078.92
2024-02-06,West,Sports,Football,Male,16.0,5,945.34,3781.36
2024-03-18,East,Home & Kitchen,Vacuum Cleaner,Male,43.0,1,1541.94,1541.94
2024-05-04,West,Grocery,Snacks Pack,Male,52.0,2,443.2,886.4
2024-09-06,West,Sports,Football,Male,47.0,3,1480.58,4441.73
2023-09-30,North,Beauty,Shampoo,Male,27.0,4,519.5,2078.02
2024-06-09,West,Home & Kitchen,Bedsheet,Male,32.0,2,1616.58,3233.17
2023-06-08,North,Home & Kitchen,Cookware Set,Male,37.0,2,1216.87,2433.75
2023-06-01,West,Clothing,Jeans,Male,37.0,1,943.11,943.11
2024-09-11,South,Grocery,Beverages,Female,41.0,5,267.08,1335.39
2023-07-07,East,Clothing,Jeans,Male,36.0,5,1223.29,6116.44
2023-04-08,Central,Clothing,Jacket,Female,30.0,3,1031.98,3095.93
2023-05-11,Central,Clothing,Jeans,Female,35.0,1,1168.16,1168.16
2023-06-20,West,Electronics,Headphones,Female,44.0,5,4476.18,22380.91
2023-07-02,East,Grocery,Snacks Pack,Female,66.0,4,289.75,1159.01
2023-12-30,West,Grocery,Beverages,Male,28.0,1,415.07,560.34
2023-02-08,East,Home & Kitchen,Vacuum Cleaner,Male,36.0,1,1981.34,1585.07
2024-06-10,Central,Clothing,Sneakers,Female,30.0,5,992.84,4964.21
2024-05-11,South,Sports,Cricket Bat,Female,37.0,2,1262.57,2525.13
2024-05-30,Central,Electronics,Headphones,Female,44.0,1,3153.18,3153.18
2023-12-15,Central,Grocery,Snacks Pack,Male,31.0,2,410.32,1107.85
2024-02-01,West,Sports,Football,Male,16.0,3,1074.59,2579.03
2024-12-22,South,Home & Kitchen,Vacuum Cleaner,Female,45.0,3,1550.45,6279.33
2023-06-10,North,Home & Kitchen,Vacuum Cleaner,Male,35.0,5,1158.06,5790.29
2023-01-16,Central,Sports,Cricket Bat,Male,30.0,3,776.01,2328.04
2024-05-07,North,Clothing,Sneakers,Male,27.0,5,664.75,3323.73
2024-03-01,Central,Home & Kitchen,Vacuum Cleaner,Female,37.0,5,1252.15,6260.74
2023-04-18,East,Home & Kitchen,Cookware Set,Male,26.0,2,1529.43,3058.87
2024-03-25,South,Clothing,T-Shirt,Male,27.0,2,643.23,1286.45
2023-11-07,Central,Beauty,Perfume,Female,20.0,3,485.49,1966.25
2023-06-19,East,Beauty,Perfume,Male,26.0,2,748.21,1496.41
2024-06-29,East,Grocery,Cooking Oil,Female,40.0,1,431.73,431.73
2024-02-18,East,Electronics,Laptop,Male,18.0,4,4009.0,12828.79
2023-09-08,South,Electronics,Laptop,Male,46.0,1,4304.25,4304.25
2023-05-21,West,Grocery,Snacks Pack,Female,21.0,1,274.17,274.17
2023-10-01,South,Electronics,Laptop,Female,35.0,5,2605.43,17586.67
2024-02-20,Central,Grocery,Cooking Oil,Male,39.0,4,326.72,1045.51
2024-08-30,Central,Home & Kitchen,Vacuum Cleaner,Male,43.0,5,2010.9,10054.49
2023-02-08,South,Grocery,Snacks Pack,Female,43.0,2,434.99,695.99
2023-01-29,West,Home & Kitchen,Vacuum Cleaner,Male,33.0,2,1390.33,2780.65
2024-04-21,East,Home & Kitchen,Mixer,Female,32.0,4,1142.02,4568.07
2023-11-14,South,Clothing,Jeans,Female,40.0,3,1018.32,4124.19
2023-09-02,Central,Clothing,T-Shirt,Male,37.0,2,791.8,1583.59
2024-11-27,North,Home & Kitchen,Mixer,Female,30.0,1,1607.71,2170.41
2023-09-29,South,Grocery,Cooking Oil,Male,38.0,4,475.74,1902.97
2024-03-15,East,Grocery,Rice 5kg,Female,32.0,4,385.29,1541.16
2023-08-27,East,Grocery,Rice 5kg,Male,27.0,2,471.34,942.68
2024-01-12,East,Sports,Cricket Bat,Female,29.0,2,1072.64,2145.28
2023-09-23,West,Clothing,Jeans,Female,39.0,5,1029.01,5145.06
2023-12-25,West,Electronics,Laptop,Female,23.0,5,4242.31,28635.62
2023-12-06,East,Clothing,Sneakers,Female,46.0,1,1000.43,1350.58
2024-01-24,North,Grocery,Beverages,Male,27.0,4,395.65,1582.6
2024-07-30,South,Home & Kitchen,Cookware Set,Male,16.0,3,1802.12,5406.37
2024-11-19,South,Beauty,Lipstick,Female,40.0,3,790.49,3201.47
2023-01-03,South,Home & Kitchen,Cookware Set,Female,16.0,4,1142.59,4570.36
2024-03-04,East,Sports,Football,Female,22.0,1,1029.38,1029.38
2023-05-22,North,Sports,Dumbbells,Female,60.0,5,1076.22,5381.09
2024-01-11,South,Electronics,Headphones,Male,45.0,5,4277.75,21388.75
2024-10-31,South,Home & Kitchen,Vacuum Cleaner,Male,44.0,5,2053.81,13863.21
2023-11-20,Central,Grocery,Beverages,Male,21.0,3,274.49,1111.7
2023-05-26,Central,Clothing,Sneakers,Female,31.0,3,705.04,2115.11
2023-10-20,East,Clothing,Sneakers,Male,47.0,1,1218.96,1645.6
2024-10-26,Central,Grocery,Beverages,Female,41.0,3,317.46,1285.73
2024-03-07,West,Clothing,Jeans,Male,46.0,2,782.34,1564.69
2024-12-05,East,Grocery,Cooking Oil,Male,53.0,3,253.73,1027.6
2024-08-07,North,Grocery,Snacks Pack,Male,41.0,5,312.52,1562.61
2024-02-03,West,Electronics,Laptop,Male,20.0,1,3793.5,3034.8
2023-12-10,West,Home & Kitchen,Bedsheet,Female,40.0,4,1497.34,8085.63
2023-05-20,East,Clothing,Sneakers,Male,31.0,4,955.63,3822.51
2023-07-06,West,Grocery,Beverages,Male,19.0,1,469.74,469.74
2023-03-02,East,Electronics,Laptop,Male,43.0,2,2496.91,4993.81
2024-01-15,West,Beauty,Lipstick,Female,47.0,4,449.92,1799.68
2024-12-10,Central,Home & Kitchen,Mixer,Female,32.0,5,1944.53,13125.56
2024-03-15,South,Electronics,Laptop,Male,37.0,4,3975.68,15902.71
2023-11-15,West,Home & Kitchen,Mixer,Female,16.0,4,1326.92,7165.37
2023-10-29,East,Clothing,Sneakers,Male,46.0,5,834.27,5631.31
2023-12-10,West,Home & Kitchen,Cookware Set,Male,42.0,3,1375.79,5571.96
2023-01-11,West,Home & Kitchen,Mixer,Female,36.0,2,1730.2,3460.4
2023-03-03,North,Home & Kitchen,Vacuum Cleaner,Male,20.0,5,1114.27,5571.36
2023-08-14,West,Electronics,Headphones,Female,16.0,5,3336.26,16681.3
2023-06-02,South,Electronics,Laptop,Male,56.0,1,2539.88,2539.88
2024-12-11,West,Grocery,Beverages,Female,23.0,2,445.84,1203.76
2024-07-17,East,Home & Kitchen,Mixer,Male,35.0,3,1449.7,4349.09
2024-07-24,West,Clothing,Jeans,Female,23.0,5,962.37,4811.85
2024-08-06,North,Beauty,Face Cream,Female,16.0,3,432.31,1296.94
2024-10-21,West,Clothing,Jeans,Male,38.0,5,666.71,4500.27
2024-07-28,South,Grocery,Snacks Pack,Male,40.0,5,410.39,2051.94
2023-11-06,Central,Clothing,Sneakers,Male,16.0,1,1113.07,1502.64
2023-08-31,Central,Electronics,Smartwatch,Female,46.0,4,3830.48,15321.92
2024-05-07,Central,Sports,Football,Male,28.0,2,1337.5,2675.01
2024-01-01,West,Clothing,Jacket,Male,22.0,1,695.91,695.91
2023-11-26,West,Grocery,Beverages,Female,21.0,3,414.9,1680.33
2023-04-17,North,Clothing,Jacket,Male,43.0,5,744.5,3722.5
2023-08-14,South,Grocery,Cooking Oil,Female,16.0,5,269.01,1345.07
2023-08-06,East,Beauty,Shampoo,Male,20.0,2,738.01,1476.02
2024-05-20,West,Electronics,Headphones,Male,38.0,1,4232.27,4232.27
2023-09-16,Central,Beauty,Lipstick,Female,37.0,1,721.02,721.02
2024-05-31,North,Home & Kitchen,Bedsheet,Female,22.0,3,1895.85,5687.56
2023-02-23,Central,Grocery,Rice 5kg,Male,48.0,1,487.82,390.25
2023-02-16,West,Home & Kitchen,Cookware Set,Male,21.0,1,1191.49,953.19
2024-12-27,East,Beauty,Shampoo,Male,31.0,4,825.36,4456.97
2024-11-19,North,Electronics,Smartphone,Male,30.0,2,3586.68,9684.04
2024-06-04,North,Clothing,Jeans,Male,30.0,1,1142.35,1142.35
2023-04-09,East,Beauty,Perfume,Male,31.0,3,693.07,2079.21
2023-01-20,West,Grocery,Beverages,Female,31.0,5,384.66,1923.3
2024-07-26,North,Electronics,Smartwatch,Female,31.0,1,3816.11,3816.11
2024-05-04,East,Home & Kitchen,Cookware Set,Male,31.0,1,1386.27,1386.27
2024-02-23,Central,Home & Kitchen,Cookware Set,Male,45.0,5,2020.49,8081.94
2024-11-20,Central,Clothing,Jeans,Male,31.0,4,702.63,3794.23
2023-03-03,Central,Clothing,Sneakers,Female,41.0,2,830.36,1660.72
2023-05-25,South,Grocery,Beverages,Female,35.0,4,252.63,1010.54
2023-08-04,South,Clothing,Jeans,Female,38.0,3,800.93,2402.8
2023-01-03,West,Grocery,Snacks Pack,Female,42.0,1,298.46,298.46
2023-06-09,South,Beauty,Face Cream,Female,21.0,4,440.84,1763.38
2023-04-30,North,Clothing,T-Shirt,Male,40.0,2,939.82,1879.64
2023-03-30,South,Clothing,T-Shirt,Male,31.0,3,925.24,2775.72
2023-11-25,South,Clothing,Sneakers,Female,23.0,4,678.98,3666.49
2024-08-02,South,Home & Kitchen,Bedsheet,Male,42.0,1,1324.94,1324.94
2023-12-23,South,Grocery,Rice 5kg,Female,29.0,2,478.56,1292.12
2024-09-01,South,Clothing,T-Shirt,Female,38.0,1,699.76,699.76
2023-09-24,North,Grocery,Snacks Pack,Female,16.0,1,319.73,319.73
2024-09-08,West,Clothing,Sneakers,Male,41.0,3,652.59,1957.78
2023-11-19,East,Clothing,Sneakers,Male,62.0,2,723.8,1954.26
2024-09-26,West,Electronics,Headphones,Female,33.0,5,3806.65,19033.25
2024-06-24,North,Electronics,Laptop,Female,31.0,1,3061.44,3061.44
2024-10-10,South,Clothing,Jacket,Female,28.0,2,914.81,2469.98
2023-07-14,East,Clothing,T-Shirt,Female,40.0,1,728.9,728.9
2023-11-28,East,Beauty,Face Cream,Male,30.0,4,706.5,3815.09
2023-06-19,East,Grocery,Beverages,Male,41.0,4,429.12,1716.49
2024-06-04,South,Clothing,T-Shirt,Male,52.0,2,744.1,1488.2
2024-04-07,Central,Clothing,Jeans,Male,43.0,3,658.35,1975.04
2023-02-09,South,Clothing,Jacket,Female,32.0,5,680.99,2723.97
2024-06-20,East,Clothing,T-Shirt,Female,21.0,4,1043.94,4175.76
2023-09-18,West,Home & Kitchen,Cookware Set,Male,29.0,3,1192.29,3576.86
2024-01-30,East,Home & Kitchen,Vacuum Cleaner,Male,32.0,5,1568.61,7843.07
2023-08-14,South,Clothing,Jeans,Male,19.0,4,726.16,2904.66
2023-05-04,South,Electronics,Smartphone,Female,45.0,5,2621.13,13105.66
2023-02-07,West,Electronics,Headphones,Male,40.0,1,2249.77,1799.81
2023-11-24,South,Electronics,Laptop,Male,22.0,2,2958.65,7988.35
2023-09-08,North,Grocery,Cooking Oil,Male,16.0,4,267.0,1068.0
2023-06-25,South,Clothing,Sneakers,Male,41.0,4,878.2,3512.78
2024-08-24,Central,Home & Kitchen,Vacuum Cleaner,Female,16.0,1,1677.67,1677.67
2024-03-29,North,Home & Kitchen,Bedsheet,Male,34.0,4,1435.91,5743.63
2023-02-06,Central,Beauty,Face Cream,Male,29.0,4,716.13,2291.63
2023-11-12,East,Beauty,Lipstick,Male,42.0,4,731.41,3949.61
2024-11-18,Central,Grocery,Snacks Pack,Male,,4,415.67,2244.61
2024-08-15,Central,Electronics,Smartphone,Female,24.0,4,4338.24,17352.95
2023-04-24,East,Home & Kitchen,Cookware Set,Male,43.0,3,1299.16,3897.48
2023-02-09,North,Grocery,Snacks Pack,Male,30.0,4,291.42,932.53
2023-10-28,North,Electronics,Smartphone,Female,34.0,1,3605.75,4867.77
2023-08-12,South,Home & Kitchen,Bedsheet,Male,34.0,4,1674.62,6698.48
2023-11-14,West,Beauty,Shampoo,Female,58.0,5,634.24,4281.13
2023-12-15,South,Home & Kitchen,Cookware Set,Male,32.0,5,1054.57,7118.35
2023-04-25,South,Electronics,Smartwatch,Male,16.0,1,3483.73,3483.73
2024-11-28,East,Electronics,Smartwatch,Female,26.0,3,4329.47,17534.34
2023-11-19,Central,Clothing,Sneakers,Female,42.0,1,840.78,1135.06
2024-07-21,North,Electronics,Headphones,Female,30.0,3,4407.42,13222.27
2023-02-09,North,Grocery,Beverages,Male,34.0,2,332.41,531.85
2023-02-09,North,Grocery,Beverages,Male,29.0,5,279.26,1117.06
2023-10-16,Central,Electronics,Headphones,Male,16.0,5,3132.42,21143.86
2023-09-19,West,Beauty,Shampoo,Female,25.0,5,627.74,3138.68
2023-08-04,South,Home & Kitchen,Bedsheet,Female,33.0,3,1710.94,5132.81
2023-05-27,North,Electronics,Laptop,Male,16.0,1,3370.93,3370.93
2023-12-02,South,Grocery,Beverages,Male,21.0,3,376.5,1524.81
2023-06-17,North,Grocery,Beverages,Female,30.0,5,250.9,1254.48
2023-04-02,Central,Grocery,Rice 5kg,Male,30.0,5,307.14,1535.68
2023-12-19,West,Beauty,Perfume,Female,38.0,5,550.49,3715.83
2024-07-24,East,Grocery,Cooking Oil,Male,30.0,5,486.84,2434.18
2024-07-24,Central,Beauty,Shampoo,Male,37.0,2,544.14,1088.28
2024-11-11,South,Home & Kitchen,Vacuum Cleaner,Female,26.0,5,1991.41,13442.0
2023-12-29,West,Grocery,Beverages,Male,36.0,3,319.66,1294.62
2024-07-10,Central,Sports,Cricket Bat,Male,50.0,5,844.0,4220.02
2023-12-11,South,Grocery,Snacks Pack,Female,37.0,4,305.67,1650.6
2024-11-23,West,Electronics,Laptop,Female,31.0,2,2851.14,7698.07
2023-06-19,South,Home & Kitchen,Cookware Set,Female,23.0,5,2077.16,10385.81
2023-12-22,South,Home & Kitchen,Mixer,Female,34.0,4,1758.01,9493.23
2023-07-10,North,Electronics,Laptop,Male,31.0,3,4326.97,12980.9
2024-10-28,East,Sports,Cricket Bat,Female,40.0,2,1412.95,3814.95
2024-02-26,West,Electronics,Smartwatch,Female,16.0,5,3536.06,14144.24
2024-11-30,Central,Electronics,Smartphone,Male,31.0,3,3752.87,15199.12
2023-01-07,East,Sports,Dumbbells,Female,38.0,4,1251.12,5004.5
2023-05-13,Central,Home & Kitchen,Mixer,Male,35.0,2,1749.58,3499.15
2024-07-10,Central,Electronics,Smartwatch,Male,30.0,5,2833.09,14165.47
2023-01-31,North,Home & Kitchen,Cookware Set,Female,30.0,3,1478.53,4435.59
2024-06-18,East,Grocery,Rice 5kg,Female,21.0,2,390.19,780.38
2024-03-01,North,Electronics,Laptop,Male,38.0,4,2320.48,9281.92
2024-01-29,West,Sports,Dumbbells,Male,38.0,5,1141.78,5708.91
2024-11-02,Central,Home & Kitchen,Cookware Set,Female,18.0,2,1952.71,5272.33
2023-12-29,North,Home & Kitchen,Vacuum Cleaner,Male,42.0,4,1566.99,8461.73
2024-03-12,West,Home & Kitchen,Cookware Set,Male,26.0,4,1629.94,6519.76
2024-10-31,West,Grocery,Rice 5kg,Female,29.0,3,294.47,1192.59
2024-07-04,East,Clothing,T-Shirt,Female,54.0,4,1130.44,4521.75
2023-03-23,South,Clothing,Sneakers,Female,51.0,4,856.09,3424.37
2023-12-22,South,Home & Kitchen,Cookware Set,Female,18.0,1,2054.42,2773.46
2023-09-15,North,Beauty,Shampoo,Female,19.0,4,837.36,3349.44
2024-12-18,North,Electronics,Smartphone,Female,22.0,5,4291.84,28969.93
2024-08-11,North,Grocery,Rice 5kg,Male,51.0,2,265.79,531.59
2024-06-07,East,Beauty,Lipstick,Female,27.0,5,559.94,2799.68
2023-10-22,North,Electronics,Smartphone,Male,17.0,5,4357.11,29410.48
2023-08-12,Central,Electronics,Smartphone,Male,47.0,3,4042.15,12126.46
2024-06-08,East,Clothing,Jacket,Male,40.0,1,1204.05,1204.05
2023-02-15,West,Home & Kitchen,Cookware Set,Female,58.0,1,1651.18,1320.94
2024-10-28,South,Electronics,Smartwatch,Male,40.0,5,3316.09,22383.61
2023-04-23,East,Home & Kitchen,Vacuum Cleaner,Male,33.0,2,1161.82,2323.64
2023-08-21,Central,Home & Kitchen,Vacuum Cleaner,Female,36.0,1,1931.45,1931.45
2023-01-17,North,Home & Kitchen,Vacuum Cleaner,Female,29.0,1,1832.4,1832.4
2023-12-26,South,Clothing,T-Shirt,Female,48.0,5,667.09,4502.87
2023-08-11,West,Clothing,Jacket,Male,48.0,1,761.93,761.93
2024-11-30,North,Grocery,Cooking Oil,Male,16.0,3,381.53,1545.21
2024-03-23,North,Sports,Cricket Bat,Female,44.0,5,1296.99,6484.95
2023-12-31,South,Beauty,Face Cream,Male,22.0,1,477.82,645.06
2024-11-05,North,Home & Kitchen,Mixer,Female,60.0,1,1307.07,1764.54
2023-11-22,East,Clothing,T-Shirt,Male,50.0,1,751.66,1014.74
2024-04-11,South,Clothing,T-Shirt,Female,21.0,5,768.6,3842.99
2024-02-18,Central,Electronics,Headphones,Male,36.0,2,4302.4,6883.84
2024-03-30,West,Electronics,Headphones,Male,44.0,4,3843.44,15373.74
2024-08-08,West,Grocery,Snacks Pack,Female,27.0,1,425.59,425.59
2023-08-21,East,Clothing,Sneakers,Male,18.0,4,1130.22,4520.87
2023-08-12,Central,Clothing,Jeans,Male,35.0,4,854.64,3418.56
2024-02-16,South,Sports,Football,Female,32.0,1,1360.73,1088.59
2024-07-25,Central,Electronics,Laptop,Male,23.0,1,4431.65,4431.65
2023-12-01,West,Electronics,Laptop,Male,47.0,4,3804.4,20543.78
2023-08-10,West,Electronics,Headphones,Male,19.0,2,3173.53,6347.05
2023-02-06,East,Home & Kitchen,Bedsheet,Male,32.0,4,1802.18,5766.97
2023-10-05,South,Grocery,Rice 5kg,Male,36.0,2,465.69,1257.38
2023-07-15,South,Clothing,Jacket,Female,37.0,3,711.12,2133.36
2024-04-28,West,Home & Kitchen,Mixer,Female,46.0,2,1328.56,2657.12
2023-08-30,North,Grocery,Cooking Oil,Male,31.0,5,470.23,2351.14
2023-11-20,West,Beauty,Shampoo,Male,16.0,1,817.42,1103.51
2023-07-11,South,Sports,Cricket Bat,Female,29.0,3,1142.79,3428.36
2023-01-17,North,Beauty,Lipstick,Female,41.0,4,577.31,2309.25
2024-06-07,North,Home & Kitchen,Mixer,Male,32.0,2,1346.92,2693.84
2024-02-05,North,Electronics,Headphones,Female,32.0,3,3357.2,8057.29
2024-12-05,East,Electronics,Smartwatch,Female,39.0,5,4333.35,29250.11
2023-01-22,North,Electronics,Smartwatch,Male,41.0,2,2575.57,5151.15
2024-04-18,Central,Grocery,Beverages,Male,16.0,4,347.86,1391.43
2023-04-30,East,Beauty,Shampoo,Male,33.0,4,802.88,3211.5
2023-07-29,North,Home & Kitchen,Mixer,Female,31.0,2,1416.58,2833.15
2023-11-02,West,Electronics,Laptop,Female,34.0,5,3960.5,26733.39
2023-09-27,Central,Home & Kitchen,Bedsheet,Female,16.0,1,1458.72,1458.72
2024-12-04,West,Sports,Dumbbells,Male,48.0,1,1389.79,1876.22
2024-11-17,North,Home & Kitchen,Mixer,Female,34.0,4,2080.05,11232.28
2023-10-12,Central,Beauty,Perfume,Female,38.0,5,582.89,3934.48
2024-12-16,West,Beauty,Face Cream,Female,53.0,4,774.94,4184.68
2024-11-06,North,Sports,Cricket Bat,Male,38.0,1,1531.08,2066.96
2023-08-15,North,Grocery,Beverages,Female,17.0,4,486.04,1944.15
2024-01-16,East,Grocery,Beverages,Male,33.0,2,351.27,702.55
2024-04-04,North,Clothing,Jeans,Female,41.0,2,936.03,1872.06
2023-01-07,Central,Electronics,Laptop,Female,34.0,5,2919.62,14598.1
2023-01-29,South,Home & Kitchen,Vacuum Cleaner,Male,52.0,1,1379.72,1379.72
2023-02-02,Central,Electronics,Smartwatch,Female,24.0,5,3343.13,13372.54
2024-10-07,East,Sports,Dumbbells,Male,47.0,5,924.4,6239.7
2023-03-20,North,Clothing,Sneakers,Female,43.0,1,1078.01,1078.01
2024-04-03,North,Beauty,Perfume,Male,34.0,3,645.25,1935.75
2024-07-23,East,Clothing,Jeans,Female,37.0,3,1195.78,3587.35
2024-06-21,West,Clothing,Jacket,Female,23.0,4,1140.67,4562.67
2024-04-26,West,Sports,Dumbbells,Male,30.0,3,1018.3,3054.91
2024-03-05,South,Clothing,Sneakers,Male,40.0,2,948.66,1897.31
2023-10-12,North,Clothing,Jeans,Male,32.0,5,1102.82,7444.06
2024-05-30,North,Electronics,Headphones,Male,34.0,4,2672.77,10691.07
2023-04-09,West,Grocery,Rice 5kg,Female,44.0,5,252.74,1263.71
2024-02-01,North,Clothing,Jacket,Female,16.0,1,1166.95,933.56
2024-05-03,South,Home & Kitchen,Mixer,Female,38.0,3,1194.43,3583.28
2023-02-08,East,Home & Kitchen,Mixer,Female,53.0,1,1983.88,1587.11
2023-09-28,Central,Grocery,Snacks Pack,Male,29.0,4,468.83,1875.34
2023-06-06,South,Grocery,Beverages,Female,20.0,2,357.87,715.74
2023-03-16,South,Home & Kitchen,Mixer,Female,29.0,3,1897.12,5691.36
2023-05-10,West,Clothing,Sneakers,Male,17.0,1,858.81,858.81
2024-11-17,East,Beauty,Perfume,Male,36.0,3,780.47,3160.91
2023-03-25,South,Clothing,Sneakers,Male,33.0,5,1149.55,5747.75
2023-01-22,Central,Home & Kitchen,Bedsheet,Female,37.0,2,1132.44,2264.89
2024-04-03,Central,Clothing,Jacket,Female,32.0,3,997.04,2991.12
2024-06-22,South,Beauty,Lipstick,Female,36.0,2,688.8,1377.6
2024-12-07,South,Home & Kitchen,Mixer,Male,38.0,5,1050.9,7093.58
2024-01-17,East,Clothing,T-Shirt,Female,20.0,5,1247.35,6236.74
2024-03-15,West,Grocery,Rice 5kg,Male,37.0,1,344.61,344.61
2024-08-26,North,Grocery,Rice 5kg,Female,49.0,4,371.75,1487.0
2023-01-21,West,Electronics,Smartwatch,Male,23.0,1,2676.36,2676.36
2023-10-30,West,Home & Kitchen,Mixer,Male,37.0,2,1691.46,4566.95
2023-03-25,South,Grocery,Beverages,Female,48.0,1,443.6,443.6
2024-10-20,West,Sports,Football,Female,21.0,3,1221.14,4945.61
2024-03-28,Central,Grocery,Beverages,Male,42.0,1,438.07,438.07
2024-01-22,North,Clothing,T-Shirt,Male,31.0,4,1090.6,4362.39
2024-05-21,South,Clothing,Jeans,Male,45.0,4,779.72,3118.9
2023-09-14,South,Beauty,Perfume,Male,24.0,2,603.04,1206.08
2024-07-23,Central,Beauty,Lipstick,Male,33.0,5,482.42,2412.12
2024-06-10,Central,Clothing,T-Shirt,Female,17.0,4,656.42,2625.68
2023-06-11,East,Clothing,T-Shirt,Female,38.0,2,669.73,1339.47
2023-06-12,West,Grocery,Rice 5kg,Male,38.0,4,475.91,1903.65
2024-06-07,East,Clothing,Jacket,Female,39.0,4,1250.26,5001.03
2023-09-28,East,Clothing,Jeans,Male,39.0,5,689.84,3449.18
2024-05-06,South,Electronics,Smartphone,Male,32.0,3,2990.83,8972.5
2023-07-27,North,Clothing,T-Shirt,Male,17.0,2,702.09,1404.17
2024-06-22,South,Home & Kitchen,Bedsheet,Female,44.0,4,1925.94,7703.76
2024-08-06,East,Grocery,Rice 5kg,Male,33.0,4,366.59,1466.37
2023-03-01,North,Clothing,T-Shirt,Male,38.0,1,1021.39,1021.39
2024-03-05,Central,Clothing,Sneakers,Male,31.0,3,970.14,2910.43
2024-10-18,North,Clothing,T-Shirt,Male,55.0,5,1077.46,7272.85
2024-08-27,South,Home & Kitchen,Vacuum Cleaner,Male,27.0,2,1385.09,2770.18
2023-11-05,East,Electronics,Headphones,Female,27.0,4,2547.99,13759.12
2024-06-03,West,Home & Kitchen,Vacuum Cleaner,Female,16.0,2,1068.5,2137.0
2024-08-13,North,Grocery,Rice 5kg,Female,35.0,5,354.19,1770.97
2023-01-27,South,Electronics,Smartphone,Male,54.0,3,4273.55,12820.65
2024-11-16,Central,Electronics,Smartwatch,Male,35.0,1,2923.8,3947.13
2024-07-15,South,Electronics,Smartphone,Male,36.0,3,2678.94,8036.83
2023-07-18,South,Home & Kitchen,Mixer,Male,44.0,1,2022.34,2022.34
2024-01-22,Central,Beauty,Face Cream,Female,35.0,2,464.29,928.58
2023-12-15,North,Electronics,Laptop,Male,47.0,3,2356.03,9541.94
2024-11-23,East,Sports,Cricket Bat,Male,48.0,3,1447.15,5860.95
2024-06-19,South,Electronics,Headphones,Female,27.0,3,3810.04,11430.11
2024-01-13,South,Beauty,Face Cream,Male,18.0,5,597.27,2986.34
2024-07-11,South,Home & Kitchen,Cookware Set,Female,41.0,2,1839.96,3679.92
2024-06-10,North,Grocery,Snacks Pack,Male,37.0,1,426.65,426.65
2023-06-02,South,Home & Kitchen,Cookware Set,Female,22.0,3,1092.06,3276.19
2023-07-25,North,Home & Kitchen,Vacuum Cleaner,Male,26.0,2,1760.06,3520.12
2024-03-30,West,Beauty,Shampoo,Female,26.0,5,689.17,3445.83
2023-09-30,South,Grocery,Rice 5kg,Male,35.0,5,481.13,2405.63
2023-08-24,East,Home & Kitchen,Cookware Set,Female,44.0,2,2064.95,4129.91
2024-06-04,Central,Electronics,Smartphone,Male,45.0,1,3086.27,3086.27
2024-11-08,West,Electronics,Laptop,Female,42.0,2,3561.25,9615.36
2024-12-26,North,Beauty,Perfume,Male,30.0,2,479.37,1294.3
2024-05-15,Central,Home & Kitchen,Cookware Set,Male,58.0,4,1119.78,4479.12
2023-04-27,South,Home & Kitchen,Vacuum Cleaner,Female,34.0,5,1504.42,7522.09
2024-01-21,North,Grocery,Snacks Pack,Female,29.0,1,414.02,414.02
2023-12-10,West,Beauty,Perfume,Male,18.0,4,658.46,3555.68
2024-08-06,East,Grocery,Beverages,Female,30.0,2,350.27,700.53
2024-01-30,South,Grocery,Snacks Pack,Male,38.0,5,445.44,2227.19
2023-03-05,South,Grocery,Beverages,Female,16.0,4,439.63,1758.54
2024-12-17,East,Clothing,Sneakers,Female,23.0,4,1091.12,5892.07
2024-12-21,South,Clothing,Jacket,Male,28.0,1,678.53,916.02
2023-03-13,Central,Beauty,Shampoo,Female,25.0,2,754.52,1509.03
2023-10-01,North,Clothing,Jacket,Female,24.0,1,1209.24,1632.47
2023-11-16,Central,Sports,Cricket Bat,Male,46.0,4,815.77,4405.16
2023-12-04,East,Electronics,Smartphone,Female,16.0,4,3139.74,16954.62
2024-01-01,Central,Electronics,Smartwatch,Male,35.0,1,4453.92,4453.92
2024-05-09,West,Sports,Dumbbells,Female,39.0,4,1231.41,4925.66
2024-08-29,West,Grocery,Cooking Oil,Female,28.0,3,370.83,1112.48
2023-06-15,South,Clothing,Jeans,Male,31.0,5,741.79,3708.96
2024-06-27,South,Grocery,Snacks Pack,Female,33.0,2,383.54,767.09
2023-01-11,North,Grocery,Beverages,Female,40.0,5,352.57,1762.83
2023-10-28,Central,Home & Kitchen,Mixer,Female,50.0,2,1183.82,3196.3
2024-12-29,Central,Electronics,Laptop,Male,,4,3280.11,17712.57
2023-04-12,East,Beauty,Shampoo,Male,23.0,1,489.05,489.05
2024-02-29,North,Beauty,Lipstick,Female,24.0,1,726.88,581.5
2024-01-27,South,Electronics,Smartphone,Male,33.0,4,4420.97,17683.89
2023-08-02,East,Beauty,Shampoo,Male,29.0,2,617.22,1234.44
2024-11-21,East,Beauty,Shampoo,Female,41.0,4,685.59,3702.21
2023-03-29,West,Home & Kitchen,Vacuum Cleaner,Male,26.0,2,1502.52,3005.05
2024-07-06,Central,Grocery,Rice 5kg,Female,24.0,4,278.92,1115.68
2024-02-05,North,Clothing,T-Shirt,Female,25.0,4,1241.45,3972.64
2024-08-10,East,Clothing,Sneakers,Female,35.0,4,711.63,2846.54
2023-02-15,South,Grocery,Cooking Oil,Male,44.0,1,272.35,217.88
2024-11-02,South,Beauty,Face Cream,Male,33.0,2,612.85,1654.7
2024-04-07,North,Grocery,Cooking Oil,Male,27.0,4,406.43,1625.71
2024-08-14,North,Home & Kitchen,Bedsheet,Female,22.0,5,1422.67,7113.35
2023-11-06,Central,Electronics,Smartphone,Male,50.0,5,2671.24,18030.86
2023-03-27,South,Electronics,Headphones,Female,16.0,1,4074.48,4074.48
2023-04-02,East,Home & Kitchen,Cookware Set,Female,31.0,3,1431.26,4293.78
2024-10-21,Central,Electronics,Headphones,Female,42.0,1,2675.28,3611.63
2024-11-03,West,Home & Kitchen,Bedsheet,Male,31.0,3,1433.34,5805.02
2024-12-14,North,Clothing,Jeans,Male,27.0,1,765.17,1032.98
2023-08-30,East,Grocery,Rice 5kg,Female,39.0,5,372.26,1861.32
2023-01-02,East,Clothing,Sneakers,Male,21.0,4,1051.02,4204.09
2023-08-13,West,Home & Kitchen,Cookware Set,Male,16.0,2,1889.54,3779.07
2024-08-11,West,Home & Kitchen,Bedsheet,Male,37.0,4,1288.94,5155.76
2023-04-26,West,Electronics,Headphones,Female,23.0,5,2613.98,13069.88
2024-10-27,South,Electronics,Smartphone,Female,35.0,2,2283.91,6166.56
2023-04-13,West,Clothing,Jeans,Female,32.0,3,773.7,2321.09
2023-07-13,North,Beauty,Shampoo,Female,36.0,3,430.04,1290.12
2023-06-15,North,Electronics,Smartwatch,Male,31.0,5,3013.86,15069.31
2023-03-31,South,Grocery,Beverages,Female,40.0,2,280.69,561.39
2024-11-16,North,Sports,Cricket Bat,Male,26.0,4,1216.52,6569.21
2023-05-02,South,Grocery,Snacks Pack,Female,42.0,5,339.01,1695.07
2023-05-23,Central,Clothing,Jeans,Male,20.0,3,688.96,2066.88
2023-04-16,Central,Sports,Football,Male,46.0,5,1077.9,5389.49
2024-03-03,South,Electronics,Headphones,Female,56.0,4,2708.94,10835.76
2023-11-01,South,Home & Kitchen,Cookware Set,Male,35.0,1,1764.19,2381.65
2023-11-13,South,Beauty,Lipstick,Female,,1,573.06,773.64
2024-09-26,South,Grocery,Beverages,Male,54.0,4,281.02,1124.09
2023-01-09,North,Clothing,Jeans,Male,30.0,2,850.25,1700.5
2023-03-14,Central,Clothing,Jeans,Male,34.0,5,771.36,3856.79
2023-12-25,North,Clothing,Sneakers,Female,25.0,4,1131.34,6109.24
2023-08-11,South,Home & Kitchen,Cookware Set,Male,25.0,1,2082.54,2082.54
2024-02-20,North,Clothing,Sneakers,Female,36.0,3,646.06,1550.54
2024-07-06,Central,Sports,Yoga Mat,Male,16.0,4,1301.32,5205.26
2024-01-05,West,Sports,Yoga Mat,Male,43.0,4,973.25,3892.99
2024-12-16,Central,Beauty,Shampoo,Male,35.0,4,447.89,2418.61
2023-09-21,West,Home & Kitchen,Cookware Set,Female,41.0,1,1065.07,1065.07
2024-11-20,South,Grocery,Cooking Oil,Female,31.0,1,460.85,622.14
2023-11-14,South,Sports,Dumbbells,Male,41.0,4,1042.28,5628.3
2023-03-25,West,Beauty,Perfume,Female,36.0,4,837.71,3350.83
2023-11-14,South,Clothing,Jacket,Female,39.0,2,908.7,2453.48
2023-04-21,East,Electronics,Headphones,Male,43.0,3,2660.22,7980.66
2023-09-08,North,Electronics,Headphones,Female,20.0,5,3980.8,19904.01
2024-01-18,North,Home & Kitchen,Cookware Set,Male,26.0,5,2022.82,10114.08
2023-01-07,East,Grocery,Beverages,Female,59.0,5,444.83,2224.14
2024-04-03,East,Beauty,Shampoo,Female,36.0,1,732.98,732.98
2023-03-25,West,Clothing,Jacket,Male,16.0,1,840.86,840.86
2023-07-27,North,Electronics,Smartphone,Male,16.0,2,2384.46,4768.92
2024-01-25,East,Clothing,Jeans,Female,33.0,1,756.82,756.82
2023-11-10,North,Clothing,Jacket,Female,28.0,4,911.49,4922.05
2023-01-22,North,Electronics,Laptop,Female,25.0,3,4381.89,13145.66
2024-02-14,South,Grocery,Snacks Pack,Male,53.0,3,422.1,1013.04
2024-05-29,North,Home & Kitchen,Vacuum Cleaner,Male,29.0,3,1919.7,5759.09
2023-05-07,South,Grocery,Rice 5kg,Male,43.0,3,312.94,938.81
2024-11-30,South,Clothing,Sneakers,Male,36.0,5,1060.81,7160.46
2023-01-14,South,Clothing,Sneakers,Female,30.0,5,1173.34,5866.68
2023-01-12,North,Home & Kitchen,Vacuum Cleaner,Female,21.0,4,1553.38,6213.53
2023-03-28,North,Beauty,Lipstick,Female,42.0,2,600.55,1201.11
2024-06-07,North,Electronics,Smartwatch,Male,16.0,1,3851.47,3851.47
2024-06-20,North,Beauty,Lipstick,Female,43.0,1,655.16,655.16
2023-10-28,West,Clothing,Sneakers,Female,35.0,5,1255.7,8475.96
2023-08-31,South,Beauty,Perfume,Female,40.0,3,598.54,1795.63
2023-05-02,South,Beauty,Shampoo,Female,34.0,4,493.9,1975.58
2023-05-27,South,Clothing,Jeans,Female,20.0,2,927.32,1854.64
2024-07-20,West,Grocery,Cooking Oil,Female,38.0,5,302.63,1513.13
2023-12-22,Central,Electronics,Headphones,Male,43.0,4,3497.21,18884.93
2024-11-15,West,Beauty,Lipstick,Male,28.0,4,472.83,2553.31
2024-09-22,West,Clothing,Jacket,Female,41.0,5,1228.49,6142.43
2023-11-05,East,Home & Kitchen,Vacuum Cleaner,Male,37.0,4,1952.81,10545.2
2024-11-25,West,Grocery,Rice 5kg,Male,38.0,3,283.11,1146.61
2023-10-15,East,Beauty,Perfume,Male,24.0,4,492.41,2658.99
2023-11-03,North,Clothing,Jeans,Female,48.0,2,952.84,2572.66
2024-08-16,North,Grocery,Rice 5kg,Female,37.0,4,434.36,1737.42
2024-12-23,South,Clothing,Jacket,Male,43.0,1,768.02,1036.83
2024-10-23,Central,Clothing,T-Shirt,Male,29.0,4,668.41,3609.43
2024-07-02,East,Grocery,Rice 5kg,Female,44.0,5,378.66,1893.28
2023-12-18,West,Clothing,Jacket,Male,29.0,1,1065.71,1438.7
2023-11-08,South,Clothing,Jeans,Male,24.0,5,783.95,5291.66
2023-02-28,South,Beauty,Perfume,Female,53.0,2,730.7,1169.12
2024-10-04,North,Electronics,Smartwatch,Male,16.0,3,4369.44,17696.24
2024-12-14,North,Grocery,Beverages,Male,66.0,2,278.58,752.17
2023-02-04,Central,Clothing,Jacket,Female,41.0,1,951.95,761.56
2024-03-20,East,Electronics,Smartphone,Male,30.0,3,2367.33,7101.98
2023-04-03,South,Electronics,Smartwatch,Female,37.0,4,2702.92,10811.68
2023-07-26,West,Grocery,Beverages,Male,41.0,1,267.01,267.01
2023-12-19,South,Grocery,Snacks Pack,Male,30.0,3,343.98,1393.13
2023-11-28,Central,Electronics,Laptop,Male,56.0,5,4078.66,27530.98
2024-12-25,South,Electronics,Laptop,Male,50.0,3,3532.77,14307.73
2023-06-08,South,Sports,Cricket Bat,Female,,5,941.39,4706.95
2023-01-24,South,Electronics,Headphones,Female,20.0,5,2329.85,11649.24
2024-02-08,North,Beauty,Face Cream,Female,36.0,3,652.43,1565.83
2024-05-30,North,Clothing,Jacket,Male,18.0,2,713.66,1427.32
2023-12-30,West,Grocery,Cooking Oil,Female,21.0,2,328.97,888.22
2024-01-17,Central,Clothing,Sneakers,Male,30.0,5,951.42,4757.11
2024-06-15,West,Beauty,Face Cream,Female,30.0,1,799.57,799.57
2023-06-01,North,Grocery,Cooking Oil,Female,38.0,3,265.05,795.14
2024-07-15,East,Clothing,Jacket,Male,32.0,1,1051.22,1051.22
2024-11-19,North,Electronics,Headphones,Male,42.0,2,2271.54,6133.16
2024-08-30,North,Grocery,Snacks Pack,Male,37.0,1,399.33,399.33
2024-09-08,West,Grocery,Cooking Oil,Female,52.0,4,380.13,1520.5
2024-02-24,East,Electronics,Headphones,Female,43.0,4,4058.58,12987.46
2023-09-07,North,Electronics,Headphones,Male,21.0,2,3430.92,6861.85
2023-04-27,North,Beauty,Face Cream,Male,32.0,1,568.1,568.1
2024-05-26,Central,Clothing,T-Shirt,Male,33.0,3,782.93,2348.8
2024-07-31,North,Grocery,Cooking Oil,Female,38.0,2,265.89,531.77
2023-12-01,East,Home & Kitchen,Mixer,Male,45.0,4,1611.34,8701.25
2024-02-22,East,Beauty,Lipstick,Male,37.0,2,793.1,1268.95
2023-10-22,North,Sports,Dumbbells,Male,40.0,1,1166.35,1574.58
2024-01-06,North,Sports,Yoga Mat,Female,21.0,1,1339.11,1339.11
2023-07-05,South,Electronics,Headphones,Female,28.0,1,2908.49,2908.49
2023-09-03,West,Beauty,Lipstick,Female,16.0,5,608.21,3041.07
2024-09-28,East,Clothing,Sneakers,Male,38.0,1,834.5,834.5
2023-09-25,West,Home & Kitchen,Bedsheet,Male,43.0,4,1164.73,4658.92
2024-10-04,Central,Home & Kitchen,Cookware Set,Male,19.0,4,1487.84,8034.33
2023-08-25,West,Electronics,Headphones,Male,35.0,5,3952.0,19760.02
2024-06-13,South,Sports,Football,Male,32.0,4,1074.13,4296.52
2024-07-05,East,Electronics,Smartphone,Male,52.0,4,3696.4,14785.61
2023-01-21,East,Grocery,Beverages,Female,24.0,2,430.86,861.72
2024-06-03,West,Grocery,Beverages,Male,44.0,1,324.07,324.07
2023-04-10,East,Grocery,Snacks Pack,Male,46.0,2,440.39,880.78
2024-04-22,West,Electronics,Headphones,Female,31.0,2,2999.19,5998.39
2024-08-21,North,Home & Kitchen,Mixer,Female,37.0,4,1318.91,5275.65
2023-10-25,South,Beauty,Lipstick,Female,45.0,3,513.43,2079.38
2024-06-09,South,Clothing,Sneakers,Female,21.0,1,755.94,755.94
2023-11-30,North,Home & Kitchen,Mixer,Male,29.0,3,1823.98,7387.12
2023-01-02,North,Clothing,Jacket,Female,36.0,4,1189.13,4756.52
2024-01-10,East,Home & Kitchen,Bedsheet,Female,56.0,5,1292.18,6460.9
2023-10-20,East,Beauty,Perfume,Male,29.0,2,455.8,1230.66
2024-07-06,South,Home & Kitchen,Cookware Set,Male,31.0,4,1379.46,5517.82
2023-11-14,East,Home & Kitchen,Bedsheet,Male,51.0,4,1740.74,9399.99
2024-05-16,East,Clothing,Jeans,Male,41.0,3,862.17,2586.5
2024-01-16,North,Home & Kitchen,Bedsheet,Male,58.0,5,1626.64,8133.18
2024-09-14,West,Electronics,Smartphone,Male,46.0,2,3907.24,7814.49
2023-01-14,West,Clothing,Sneakers,Male,32.0,5,887.34,4436.71
2024-05-18,West,Home & Kitchen,Vacuum Cleaner,Male,30.0,5,2099.68,10498.4
2023-08-19,East,Grocery,Snacks Pack,Male,24.0,5,318.0,1589.99
2023-03-25,East,Home & Kitchen,Vacuum Cleaner,Male,19.0,1,2077.16,2077.16
2023-05-10,North,Clothing,Jeans,Male,37.0,5,757.91,3789.54
2023-05-25,South,Clothing,Jacket,Female,40.0,4,699.89,2799.55
2023-01-28,North,Clothing,Jeans,Male,42.0,1,1103.02,1103.02
2023-03-07,Central,Sports,Dumbbells,Female,32.0,1,1310.78,1310.78
2023-06-12,North,Home & Kitchen,Cookware Set,Female,55.0,5,1901.73,9508.64
2023-08-17,North,Electronics,Smartwatch,Female,19.0,4,3009.64,12038.57
2023-09-18,Central,Electronics,Headphones,Female,17.0,2,4325.01,8650.02
2024-03-24,Central,Sports,Cricket Bat,Male,24.0,5,862.0,4310.0
2024-02-28,West,Clothing,T-Shirt,Male,34.0,1,649.07,519.26
2024-04-04,North,Beauty,Shampoo,Female,21.0,2,546.24,1092.47
2024-11-06,North,Electronics,Headphones,Male,48.0,2,4026.01,10870.22
2023-10-28,South,Sports,Cricket Bat,Female,25.0,1,1288.2,1739.07
2023-10-30,North,Beauty,Face Cream,Female,23.0,2,603.21,1628.66
2023-10-14,North,Home & Kitchen,Bedsheet,Male,45.0,4,1319.07,7122.96
2024-01-30,East,Electronics,Laptop,Male,36.0,4,2372.77,9491.08
2023-01-10,Central,Clothing,Jeans,Male,42.0,5,842.63,4213.14
2024-12-07,South,Clothing,T-Shirt,Male,33.0,5,919.81,6208.73
2024-09-21,West,Home & Kitchen,Bedsheet,Male,36.0,2,1771.38,3542.75
2023-09-27,West,Clothing,Jacket,Female,18.0,1,1036.96,1036.96
2024-08-14,South,Electronics,Laptop,Male,32.0,4,4362.05,17448.21
2024-08-27,West,Home & Kitchen,Vacuum Cleaner,Male,22.0,3,1155.42,3466.25
2023-12-27,North,Home & Kitchen,Bedsheet,Male,55.0,5,1403.16,9471.31
2023-09-14,North,Clothing,T-Shirt,Female,48.0,4,933.39,3733.58
2023-05-13,West,Electronics,Laptop,Female,26.0,2,3742.36,7484.72
2023-10-03,North,Sports,Dumbbells,Female,31.0,4,1151.5,6218.09
2024-11-13,Central,Home & Kitchen,Bedsheet,Female,32.0,4,2008.4,10845.34
2024-05-27,North,Grocery,Cooking Oil,Male,57.0,2,394.12,788.25
2023-11-09,East,Home & Kitchen,Bedsheet,Male,38.0,5,1091.65,7368.63
2024-07-29,South,Electronics,Laptop,Female,29.0,5,2494.59,12472.95
2023-10-11,North,Clothing,Jacket,Female,35.0,3,1104.7,4474.04
2023-05-01,North,Clothing,Sneakers,Male,17.0,3,1080.95,3242.84
2023-04-17,West,Beauty,Perfume,Male,33.0,5,484.47,2422.34
2024-11-17,West,Grocery,Beverages,Female,22.0,5,259.43,1751.17
2023-07-23,Central,Clothing,Jacket,Male,16.0,5,994.59,4972.96
2023-06-14,East,Sports,Football,Female,55.0,5,1259.52,6297.59
2023-11-01,West,Clothing,T-Shirt,Male,33.0,4,715.24,3862.29
2024-05-11,West,Sports,Football,Male,25.0,3,1134.69,3404.06
2024-09-23,West,Sports,Football,Male,16.0,2,1005.49,2010.98
2024-07-09,East,Electronics,Headphones,Female,31.0,1,4326.12,4326.12
2023-06-05,West,Clothing,Jacket,Female,32.0,2,768.1,1536.19
2024-01-02,West,Home & Kitchen,Mixer,Female,42.0,1,1819.92,1819.92
2024-12-19,South,Grocery,Beverages,Female,23.0,4,371.94,2008.49
2024-09-11,West,Home & Kitchen,Mixer,Male,28.0,3,1062.1,3186.29
2023-09-08,East,Sports,Football,Male,23.0,1,1168.09,1168.09
2023-11-30,North,Grocery,Rice 5kg,Female,31.0,5,269.37,1818.25
2024-10-03,North,Clothing,Jacket,Female,16.0,4,1045.21,5644.13
2024-05-25,South,Electronics,Smartphone,Female,25.0,1,3506.77,3506.77
2023-10-20,East,Grocery,Beverages,Female,40.0,5,247.55,1670.99
2023-01-20,Central,Electronics,Laptop,Male,20.0,4,2698.51,10794.05
2023-10-09,North,Grocery,Cooking Oil,Male,44.0,1,435.18,587.49
2023-01-01,West,Clothing,Sneakers,Female,43.0,5,803.74,4018.68
2023-04-29,Central,Clothing,Jacket,Male,44.0,3,944.55,2833.65
2023-02-04,North,Electronics,Smartwatch,Male,33.0,4,2938.88,9404.41
2023-07-17,Central,Grocery,Rice 5kg,Female,32.0,1,470.77,470.77
2024-04-29,Central,Electronics,Headphones,Male,37.0,5,3441.93,17209.66
2023-02-28,West,Grocery,Beverages,Female,48.0,3,415.56,997.35
2023-06-10,West,Home & Kitchen,Mixer,Male,47.0,5,1137.65,5688.25
2024-11-21,Central,Grocery,Beverages,Female,16.0,3,254.88,1032.27
2023-07-25,East,Home & Kitchen,Vacuum Cleaner,Female,24.0,1,1322.19,1322.19
2023-01-12,South,Electronics,Smartphone,Female,22.0,5,2932.46,14662.3
2024-05-04,Central,Grocery,Beverages,Male,41.0,5,413.48,2067.41
2023-10-03,East,Electronics,Smartphone,Male,26.0,2,3514.85,9490.1
2024-11-23,East,Home & Kitchen,Cookware Set,Male,31.0,4,1443.31,7793.87
2023-08-30,South,Electronics,Smartwatch,Male,52.0,5,3705.22,18526.12
2023-08-04,West,Grocery,Rice 5kg,Female,46.0,3,285.07,855.22
2023-09-08,North,Sports,Yoga Mat,Male,49.0,4,818.89,3275.55
2023-05-06,Central,Home & Kitchen,Cookware Set,Male,26.0,1,1947.23,1947.23
2023-08-05,South,Home & Kitchen,Vacuum Cleaner,Male,16.0,4,1642.14,6568.57
2023-11-02,North,Grocery,Cooking Oil,Female,29.0,2,404.03,1090.88
2023-07-04,East,Electronics,Smartwatch,Male,18.0,1,2928.22,2928.22
2023-02-08,North,Sports,Cricket Bat,Female,16.0,5,1056.41,4225.62
2023-08-11,West,Electronics,Laptop,Female,46.0,1,2424.5,2424.5
2023-07-03,Central,Sports,Football,Female,24.0,1,1429.88,1429.88
2024-05-09,Central,Grocery,Beverages,Female,25.0,2,390.15,780.3
2024-03-02,North,Grocery,Beverages,Male,29.0,3,265.49,796.47
2023-06-27,North,Grocery,Cooking Oil,Female,,1,442.11,442.11
2024-03-03,West,Home & Kitchen,Cookware Set,Male,32.0,3,1516.32,4548.96
2023-10-21,Central,Home & Kitchen,Cookware Set,Female,44.0,4,1853.36,10008.12
2023-05-31,East,Electronics,Headphones,Female,30.0,2,2268.27,4536.54
2024-01-19,East,Grocery,Cooking Oil,Male,16.0,5,252.04,1260.21
2024-09-29,South,Grocery,Cooking Oil,Male,20.0,1,286.84,286.84
2023-11-04,Central,Beauty,Face Cream,Female,33.0,3,508.58,2059.77
2023-12-02,West,Home & Kitchen,Bedsheet,Female,35.0,1,1852.15,2500.41
2024-01-10,South,Electronics,Smartphone,Male,39.0,2,3822.99,7645.99
2023-01-08,South,Clothing,Jacket,Male,39.0,5,1018.14,5090.68
2023-12-07,Central,Grocery,Beverages,Male,43.0,4,461.79,2493.67
2023-05-09,North,Clothing,Jacket,Male,25.0,4,785.7,3142.81
2024-10-30,South,Clothing,Jeans,Female,54.0,3,1199.78,4859.09
2023-12-18,East,Beauty,Face Cream,Female,55.0,4,801.98,4330.68
2023-12-24,North,Home & Kitchen,Mixer,Male,28.0,3,1505.97,6099.19
2024-05-31,North,Home & Kitchen,Mixer,Male,25.0,5,1149.11,5745.53
2024-05-09,West,Clothing,Jeans,Male,16.0,1,1087.73,1087.73
2023-03-27,Central,Grocery,Cooking Oil,Male,35.0,2,327.55,655.1
2023-06-24,Central,Clothing,Jacket,Female,38.0,5,1130.81,5654.03
2023-07-12,Central,Grocery,Rice 5kg,Male,27.0,5,285.1,1425.52
2023-11-07,East,Electronics,Smartphone,Female,37.0,4,3448.51,18621.97
2023-04-29,West,Beauty,Lipstick,Female,18.0,4,633.39,2533.56
2023-08-06,South,Home & Kitchen,Cookware Set,Female,,2,1155.33,2310.66
2024-03-02,West,Home & Kitchen,Cookware Set,Male,28.0,1,1431.5,1431.5
2024-02-18,Central,Grocery,Beverages,Male,37.0,5,265.77,1063.06
2023-04-24,South,Grocery,Rice 5kg,Male,36.0,4,358.86,1435.45
2023-05-25,South,Electronics,Smartwatch,Female,16.0,5,4128.11,20640.53
2024-06-21,East,Grocery,Rice 5kg,Female,43.0,1,311.2,311.2
2024-10-09,North,Clothing,Sneakers,Male,25.0,3,1111.86,4503.05
2023-10-30,North,Sports,Yoga Mat,Male,36.0,1,911.24,1230.17
2024-08-10,Central,Beauty,Face Cream,Female,18.0,5,702.97,3514.84
2023-12-11,Central,Clothing,Jeans,Female,28.0,5,1206.79,8145.82
2023-01-01,South,Beauty,Perfume,Female,37.0,2,556.05,1112.1
2023-05-27,North,Clothing,T-Shirt,Male,22.0,5,1197.26,5986.3
2023-10-14,North,Electronics,Headphones,Male,22.0,4,3372.14,18209.57
2024-10-15,Central,Sports,Cricket Bat,Male,35.0,2,1013.94,2737.64
2023-02-22,East,Grocery,Beverages,Male,32.0,5,464.64,1858.58
2023-10-31,South,Home & Kitchen,Mixer,Female,37.0,1,1083.64,1462.91
2023-03-10,East,Clothing,Jeans,Male,29.0,5,647.65,3238.26
2023-12-27,South,Clothing,T-Shirt,Male,41.0,1,1007.89,1360.66
2024-08-24,East,Sports,Football,Female,27.0,1,1383.5,1383.5
2023-08-08,Central,Electronics,Smartphone,Male,40.0,5,3923.46,19617.32
2024-12-04,East,Clothing,Jeans,Female,24.0,1,680.07,918.09
2024-07-28,West,Home & Kitchen,Vacuum Cleaner,Male,27.0,3,2047.76,6143.29
2024-08-07,South,Home & Kitchen,Cookware Set,Female,42.0,2,1788.22,3576.43
2023-06-10,West,Home & Kitchen,Bedsheet,Male,28.0,5,2046.57,10232.84
2024-11-11,West,Electronics,Headphones,Female,21.0,3,2977.18,12057.57
2023-03-30,North,Electronics,Smartwatch,Male,53.0,1,3794.42,3794.42
2024-11-18,East,Clothing,Jacket,Male,33.0,1,1171.76,1581.88
2024-08-07,South,Sports,Cricket Bat,Female,39.0,2,1062.96,2125.91
2024-08-11,West,Electronics,Smartphone,Male,16.0,3,4401.29,13203.86
2023-06-08,South,Grocery,Rice 5kg,Male,48.0,3,309.92,929.77
2024-05-03,Central,Grocery,Snacks Pack,Female,63.0,5,322.33,1611.63
2023-11-20,North,Beauty,Perfume,Female,47.0,1,806.54,1088.83
2024-09-01,West,Beauty,Lipstick,Male,49.0,4,827.26,3309.03
2024-01-16,West,Clothing,T-Shirt,Male,29.0,5,809.67,4048.37
2023-04-12,West,Clothing,T-Shirt,Male,36.0,5,715.93,3579.63
2024-05-08,South,Home & Kitchen,Mixer,Male,39.0,5,1847.01,9235.04
2024-10-05,East,Clothing,Sneakers,Female,26.0,2,1215.69,3282.36
2024-09-05,West,Grocery,Snacks Pack,Female,32.0,2,392.17,784.35
2023-01-19,South,Grocery,Cooking Oil,Male,22.0,5,400.46,2002.29
2024-03-29,South,Beauty,Face Cream,Female,29.0,4,740.44,2961.74
2024-04-26,East,Electronics,Smartwatch,Female,43.0,3,2582.91,7748.73
2024-08-16,East,Sports,Dumbbells,Female,16.0,3,1519.57,4558.71
2024-02-01,South,Clothing,Jeans,Male,44.0,1,859.53,687.62
2023-10-06,South,Home & Kitchen,Vacuum Cleaner,Male,16.0,3,1709.65,6924.09
2023-12-31,South,Home & Kitchen,Mixer,Female,34.0,3,1542.05,6245.29
2023-11-27,West,Grocery,Rice 5kg,Male,35.0,4,359.7,1942.4
2024-10-02,West,Home & Kitchen,Bedsheet,Male,40.0,3,1787.88,7240.92
2023-12-10,Central,Sports,Yoga Mat,Male,32.0,4,1535.89,8293.81
2024-03-30,Central,Sports,Cricket Bat,Male,22.0,2,1277.48,2554.95
2024-08-23,East,Beauty,Shampoo,Female,36.0,4,753.5,3014.02
2024-12-25,North,Electronics,Laptop,Female,57.0,2,2301.86,6215.02
2024-10-16,North,Beauty,Perfume,Male,33.0,4,760.38,4106.05
2023-03-06,South,Grocery,Beverages,Male,24.0,5,318.49,1592.47
2023-03-17,Central,Electronics,Smartwatch,Female,28.0,2,2523.81,5047.62
2024-12-11,East,Electronics,Headphones,Male,35.0,2,2493.87,6733.44
2023-05-23,South,Electronics,Smartwatch,Male,,3,3762.92,11288.76
2024-08-27,South,Electronics,Laptop,Female,29.0,2,4474.66,8949.32
2024-04-17,East,Home & Kitchen,Mixer,Male,48.0,4,1749.5,6998.02
2024-02-21,West,Sports,Cricket Bat,Female,39.0,5,972.01,3888.03
2023-11-01,North,Home & Kitchen,Vacuum Cleaner,Female,32.0,5,1263.47,8528.43
2024-05-11,Central,Home & Kitchen,Mixer,Male,32.0,3,1602.25,4806.76
2023-10-18,East,Sports,Football,Male,35.0,4,820.08,4428.43
2023-04-12,North,Clothing,Jeans,Female,40.0,4,881.58,3526.31
2023-09-24,Central,Beauty,Face Cream,Male,48.0,1,699.82,699.82
2024-09-13,North,Home & Kitchen,Bedsheet,Female,29.0,2,2066.05,4132.09
2023-01-03,Central,Home & Kitchen,Cookware Set,Female,23.0,3,1496.94,4490.81
2023-03-26,Central,Clothing,T-Shirt,Male,27.0,5,756.14,3780.71
2023-11-24,West,Home & Kitchen,Cookware Set,Male,24.0,1,1908.23,2576.11
2024-03-25,West,Electronics,Smartwatch,Male,17.0,4,3907.01,15628.03
2024-03-29,South,Grocery,Snacks Pack,Male,49.0,2,455.63,911.25
2024-09-20,Central,Clothing,T-Shirt,Female,43.0,5,765.27,3826.36
2023-08-09,East,Beauty,Face Cream,Female,16.0,1,590.03,590.03
2023-06-03,West,Clothing,T-Shirt,Female,36.0,4,1248.38,4993.52
2024-10-26,Central,Electronics,Headphones,Male,29.0,5,2594.01,17509.6
2023-01-12,Central,Grocery,Rice 5kg,Female,28.0,5,409.51,2047.53
2023-05-13,Central,Electronics,Headphones,Female,16.0,4,2771.29,11085.17
2023-10-31,South,Grocery,Beverages,Female,33.0,4,367.54,1984.71
2023-10-20,Central,Sports,Yoga Mat,Male,34.0,3,1386.39,5614.89
2023-10-27,West,Grocery,Beverages,Female,21.0,5,364.7,2461.75
2023-02-12,Central,Electronics,Smartwatch,Female,51.0,4,4044.28,12941.69
2023-12-09,West,Home & Kitchen,Vacuum Cleaner,Male,42.0,1,1497.65,2021.83
2023-11-22,South,Grocery,Beverages,Female,22.0,2,489.84,1322.57
2024-05-12,South,Beauty,Shampoo,Male,45.0,3,603.05,1809.14
2023-12-30,East,Electronics,Smartwatch,Male,28.0,4,2574.61,13902.89
2024-03-02,West,Home & Kitchen,Mixer,Female,45.0,2,1471.96,2943.93
2023-01-21,South,Home & Kitchen,Cookware Set,Male,18.0,3,1829.72,5489.17
2024-02-11,East,Electronics,Smartphone,Female,35.0,5,4139.38,16557.52
2024-09-10,South,Clothing,Jacket,Female,20.0,2,919.87,1839.73
2023-12-02,West,Home & Kitchen,Bedsheet,Male,24.0,3,1674.2,6780.51
2023-04-27,East,Beauty,Lipstick,Male,16.0,4,774.85,3099.42
2023-05-04,North,Sports,Football,Female,20.0,4,1396.43,5585.72
2024-02-03,North,Grocery,Beverages,Female,20.0,3,406.14,974.74
2024-12-15,North,Clothing,Sneakers,Female,18.0,5,1143.47,7718.4
2023-02-20,East,Clothing,Jacket,Female,36.0,3,992.82,2382.78
2023-11-20,North,Sports,Football,Male,16.0,1,773.58,1044.33
2023-05-21,North,Sports,Cricket Bat,Male,37.0,3,801.78,2405.33
2024-04-14,Central,Sports,Football,Female,45.0,3,1524.45,4573.36
2023-11-30,Central,Grocery,Snacks Pack,Male,24.0,4,280.52,1514.82
2024-01-08,East,Clothing,Jacket,Male,33.0,5,884.85,4424.23
2024-07-17,Central,Beauty,Perfume,Female,30.0,3,812.2,2436.6
2024-05-08,North,Clothing,Sneakers,Female,29.0,2,752.87,1505.75
2024-06-22,East,Clothing,Jeans,Female,16.0,4,1161.59,4646.35
2024-10-30,East,Grocery,Beverages,Male,21.0,4,445.48,2405.57
2023-06-05,East,Electronics,Smartwatch,Female,50.0,3,4449.38,13348.14
2023-10-18,South,Electronics,Smartphone,Female,37.0,2,2870.97,7751.61
2024-10-09,East,Home & Kitchen,Vacuum Cleaner,Female,31.0,3,1381.09,5593.42
2023-05-24,South,Home & Kitchen,Mixer,Female,16.0,2,1998.02,3996.04
2023-04-16,West,Beauty,Face Cream,Male,40.0,4,518.31,2073.25
2024-02-24,North,Electronics,Smartphone,Female,23.0,2,3467.3,5547.68
2024-10-31,North,Electronics,Smartphone,Female,20.0,3,3824.45,15489.03
2024-10-19,North,Electronics,Laptop,Male,21.0,1,2849.02,3846.18
2023-01-02,South,Electronics,Smartphone,Male,39.0,1,4342.04,4342.04
2024-08-11,East,Electronics,Smartphone,Female,33.0,2,3731.16,7462.33
2024-10-05,North,Grocery,Snacks Pack,Male,43.0,3,256.55,1039.02
2023-03-31,Central,Home & Kitchen,Vacuum Cleaner,Male,46.0,5,1192.52,5962.62
2023-12-11,South,Grocery,Beverages,Male,25.0,1,291.74,393.85
2023-12-16,North,Sports,Football,Male,33.0,4,958.62,5176.53
2024-04-03,West,Grocery,Rice 5kg,Male,30.0,3,424.02,1272.05
2023-09-20,North,Electronics,Smartphone,Male,19.0,3,2439.21,7317.64
2023-12-17,East,Electronics,Headphones,Female,20.0,1,3025.33,4084.2
2023-04-18,West,Beauty,Face Cream,Female,32.0,5,802.78,4013.9
2024-08-08,North,Home & Kitchen,Mixer,Female,33.0,4,1634.5,6538.0
2023-02-08,North,Beauty,Lipstick,Male,33.0,5,531.51,2126.03
2023-06-08,South,Beauty,Perfume,Female,33.0,4,821.96,3287.85
2024-08-05,North,Sports,Yoga Mat,Female,25.0,1,958.12,958.12
2023-11-08,North,Sports,Dumbbells,Female,57.0,3,1466.93,5941.05
2023-08-29,South,Home & Kitchen,Vacuum Cleaner,Male,36.0,4,1812.06,7248.23
2024-03-20,South,Clothing,Sneakers,Male,27.0,3,1096.53,3289.58
2023-10-25,East,Sports,Football,Female,38.0,2,1359.0,3669.31
2023-02-05,West,Home & Kitchen,Bedsheet,Female,24.0,2,1581.9,2531.04
2023-03-25,East,Electronics,Laptop,Female,34.0,1,4064.66,4064.66
2024-03-27,North,Grocery,Snacks Pack,Female,38.0,1,449.87,449.87
2024-01-20,North,Home & Kitchen,Cookware Set,Male,40.0,1,1428.51,1428.51
2023-06-21,Central,Beauty,Lipstick,Female,20.0,2,588.14,1176.29
2024-01-11,East,Grocery,Cooking Oil,Male,67.0,4,462.75,1850.98
2024-11-15,Central,Clothing,T-Shirt,Female,46.0,5,960.58,6483.91
2023-12-28,South,Sports,Dumbbells,Female,56.0,1,1437.55,1940.69
2024-07-12,East,Beauty,Shampoo,Female,31.0,5,683.24,3416.22
2023-05-21,East,Grocery,Cooking Oil,Male,36.0,5,390.42,1952.12
2023-04-28,South,Clothing,Jacket,Male,34.0,2,649.52,1299.04
2023-10-04,East,Clothing,Sneakers,Female,27.0,4,805.07,4347.4
2024-12-26,East,Grocery,Rice 5kg,Female,42.0,2,368.0,993.61
2023-08-08,North,Electronics,Headphones,Female,24.0,1,3555.59,3555.59
2023-01-26,South,Clothing,Sneakers,Female,41.0,2,1027.17,2054.35
2024-06-04,West,Grocery,Beverages,Male,28.0,2,420.47,840.95
2023-01-10,Central,Home & Kitchen,Cookware Set,Female,38.0,2,1739.05,3478.09
2024-01-13,South,Clothing,Jacket,Female,50.0,1,1164.6,1164.6
2024-09-24,South,Electronics,Laptop,Female,32.0,1,2901.85,2901.85
2024-09-28,North,Home & Kitchen,Vacuum Cleaner,Male,42.0,2,1723.65,3447.3
2024-11-12,West,Grocery,Beverages,Female,28.0,2,257.53,695.34
2024-08-06,South,Clothing,Jacket,Male,21.0,5,932.52,4662.6
2023-06-01,Central,Electronics,Smartphone,Female,52.0,4,2840.39,11361.58
2024-12-20,South,Grocery,Beverages,Female,42.0,5,338.32,2283.64
2023-02-18,South,Sports,Dumbbells,Male,32.0,4,1043.09,3337.89
2023-06-03,East,Grocery,Snacks Pack,Male,41.0,4,259.81,1039.22
2023-10-20,West,Electronics,Headphones,Female,22.0,2,3285.29,8870.27
2024-08-02,East,Clothing,T-Shirt,Female,38.0,5,1256.62,6283.08
2023-02-19,South,Beauty,Shampoo,Male,36.0,4,545.55,1745.77
2024-10-25,Central,Clothing,Jacket,Male,41.0,4,1093.77,5906.37
2024-06-14,North,Grocery,Snacks Pack,Female,52.0,1,379.21,379.21
2024-09-03,Central,Clothing,Sneakers,Female,49.0,4,834.89,3339.57
2023-03-01,North,Clothing,Sneakers,Male,18.0,2,686.45,1372.9
2023-06-16,West,Beauty,Perfume,Female,16.0,3,510.66,1531.98
2023-07-21,East,Grocery,Beverages,Male,36.0,1,436.55,436.55
2023-05-26,South,Grocery,Snacks Pack,Male,35.0,3,313.36,940.08
2024-11-06,Central,Clothing,Jeans,Male,21.0,2,720.91,1946.46
2024-03-14,North,Electronics,Smartwatch,Female,23.0,3,2982.11,8946.32
2023-08-30,South,Home & Kitchen,Vacuum Cleaner,Male,25.0,4,1663.25,6652.98
2024-08-03,East,Home & Kitchen,Bedsheet,Female,48.0,3,1788.64,5365.91
2024-11-17,South,Electronics,Smartphone,Male,28.0,5,3107.7,20976.96
2024-07-14,East,Electronics,Smartwatch,Female,17.0,2,3355.85,6711.7
2024-04-27,North,Electronics,Laptop,Female,33.0,5,3259.01,16295.07
2023-04-18,North,Sports,Dumbbells,Female,33.0,3,776.93,2330.8
2023-08-14,North,Grocery,Beverages,Female,22.0,5,341.92,1709.61
2024-11-03,North,Sports,Yoga Mat,Female,40.0,1,1222.24,1650.02
2024-09-22,East,Electronics,Headphones,Female,46.0,3,3516.68,10550.03
2024-10-22,West,Sports,Dumbbells,Male,30.0,5,1347.32,9094.42
2024-10-23,Central,Electronics,Smartwatch,Male,17.0,4,3741.64,20204.87
2024-03-07,Central,Home & Kitchen,Cookware Set,Female,30.0,3,1340.65,4021.94
2024-10-16,North,Beauty,Face Cream,Male,37.0,1,527.37,711.95
2024-02-23,East,Clothing,Jeans,Male,16.0,4,922.41,2951.71
2024-03-30,North,Home & Kitchen,Vacuum Cleaner,Female,39.0,3,1819.62,5458.85
2023-06-09,South,Electronics,Laptop,Male,29.0,4,2450.17,9800.69
2024-06-06,East,Electronics,Smartphone,Female,34.0,3,4364.25,13092.75
2024-10-11,North,Grocery,Beverages,Male,30.0,3,378.07,1531.19
2024-08-12,North,Grocery,Rice 5kg,Female,25.0,2,320.07,640.14
2023-03-18,Central,Grocery,Cooking Oil,Female,32.0,5,414.88,2074.4
2024-05-23,East,Home & Kitchen,Cookware Set,Female,28.0,3,1096.96,3290.89
2024-03-16,East,Grocery,Snacks Pack,Male,30.0,1,363.68,363.68
2023-09-11,North,Electronics,Smartwatch,Female,24.0,5,3328.57,16642.86
2023-11-16,South,Electronics,Headphones,Female,39.0,2,2602.82,7027.63
2023-09-20,Central,Sports,Football,Female,47.0,5,1414.79,7073.94
2024-08-19,North,Electronics,Headphones,Female,24.0,5,4024.86,20124.3
2024-10-19,South,Grocery,Rice 5kg,Male,32.0,3,282.42,1143.8
2024-07-07,North,Electronics,Smartphone,Female,21.0,1,3054.97,3054.97
2024-01-09,East,Grocery,Rice 5kg,Female,38.0,3,269.61,808.82
2024-09-28,North,Grocery,Snacks Pack,Male,36.0,1,452.91,452.91
2023-06-16,West,Clothing,Sneakers,Female,27.0,1,833.69,833.69
2024-04-03,Central,Clothing,Sneakers,Female,33.0,4,906.77,3627.08
2023-10-07,West,Grocery,Beverages,Female,43.0,3,324.35,1313.61
2024-11-30,South,Clothing,Jacket,Male,16.0,2,825.32,2228.35
2023-10-29,Central,Electronics,Laptop,Female,19.0,5,3913.96,26419.21
2024-06-14,East,Grocery,Snacks Pack,Female,40.0,4,428.15,1712.61
2024-08-02,South,Electronics,Smartwatch,Female,34.0,2,3399.85,6799.69
2023-08-06,West,Beauty,Face Cream,Female,33.0,3,696.2,2088.6
2023-04-12,North,Home & Kitchen,Vacuum Cleaner,Female,44.0,1,1587.25,1587.25
2024-07-07,North,Electronics,Smartphone,Female,41.0,3,2304.04,6912.12
2023-10-15,West,Grocery,Snacks Pack,Female,52.0,3,261.17,1057.74
2023-06-16,South,Home & Kitchen,Cookware Set,Male,43.0,4,1452.93,5811.71
2024-09-12,East,Clothing,Sneakers,Male,39.0,2,1102.34,2204.68
2023-02-05,South,Home & Kitchen,Cookware Set,Male,33.0,4,2008.89,6428.44
2023-12-19,Central,Clothing,Jacket,Male,32.0,2,648.72,1751.53
2024-11-06,Central,Clothing,Jacket,Male,33.0,4,861.86,4654.04
2023-03-14,Central,Electronics,Headphones,Male,36.0,5,2741.27,13706.36
2024-10-09,South,Clothing,Sneakers,Female,20.0,1,1143.58,1543.83
2023-12-19,North,Clothing,Jeans,Male,36.0,1,1162.96,1570.0
2023-03-11,East,Grocery,Beverages,Male,31.0,1,295.57,295.57
2024-02-29,North,Grocery,Snacks Pack,Male,37.0,5,419.15,1676.61
2024-12-08,North,Home & Kitchen,Mixer,Female,27.0,5,1818.34,12273.82
2024-07-14,East,Grocery,Snacks Pack,Male,26.0,1,288.38,288.38
2024-10-03,East,Beauty,Perfume,Male,36.0,1,602.15,812.91
2024-05-31,Central,Home & Kitchen,Vacuum Cleaner,Male,39.0,2,1701.35,3402.71
2024-03-03,North,Grocery,Cooking Oil,Female,27.0,2,251.39,502.77
2024-06-22,South,Clothing,Jacket,Female,48.0,3,884.89,2654.68
2023-06-09,North,Beauty,Lipstick,Female,48.0,4,485.08,1940.33
2023-05-29,Central,Electronics,Smartwatch,Male,16.0,2,3453.85,6907.7
2023-08-18,West,Clothing,T-Shirt,Female,25.0,2,1161.04,2322.08
2024-12-12,Central,Grocery,Beverages,Female,35.0,2,373.56,1008.62
2024-07-15,Central,Electronics,Laptop,Male,38.0,2,2320.6,4641.21
2023-03-08,East,Electronics,Laptop,Male,57.0,5,2306.43,11532.16
2024-01-16,East,Home & Kitchen,Bedsheet,Male,35.0,3,1685.78,5057.33
2023-02-27,South,Home & Kitchen,Mixer,Female,32.0,2,1394.38,2231.01
2023-09-16,East,Grocery,Rice 5kg,Male,21.0,4,385.3,1541.21
2023-12-08,East,Beauty,Lipstick,Male,16.0,2,488.73,1319.56
2023-05-10,East,Electronics,Smartphone,Male,32.0,5,3980.17,19900.86
2024-12-27,Central,Electronics,Smartphone,Female,56.0,1,4168.01,5626.82
2023-06-21,Central,Grocery,Cooking Oil,Female,31.0,1,462.86,462.86
2024-09-05,West,Clothing,Jeans,Female,25.0,3,821.57,2464.7
2023-07-28,West,Grocery,Beverages,Female,38.0,1,406.88,406.88
2023-12-20,West,Electronics,Headphones,Female,16.0,2,2865.05,7735.65
2024-04-15,North,Home & Kitchen,Vacuum Cleaner,Male,34.0,5,1850.89,9254.47
2023-04-26,North,Home & Kitchen,Vacuum Cleaner,Male,43.0,3,1176.55,3529.65
2023-09-21,West,Home & Kitchen,Bedsheet,Female,23.0,2,1850.9,3701.81
2024-10-23,West,Home & Kitchen,Vacuum Cleaner,Female,49.0,1,1511.72,2040.82
2024-03-17,North,Home & Kitchen,Cookware Set,Female,41.0,4,1948.33,7793.31
2024-07-01,Central,Clothing,T-Shirt,Male,49.0,2,1095.53,2191.05
2024-03-28,North,Electronics,Smartwatch,Male,18.0,4,3083.4,12333.62
2024-04-21,South,Electronics,Headphones,Male,32.0,4,4263.93,17055.71
2023-10-14,West,Home & Kitchen,Bedsheet,Female,44.0,3,1347.5,5457.39
2023-10-30,North,Clothing,Sneakers,Female,17.0,5,1239.2,8364.62
2023-11-07,North,Home & Kitchen,Bedsheet,Female,44.0,1,1855.56,2505.01
2023-07-27,South,Clothing,Sneakers,Female,32.0,1,1254.13,1254.13
2024-09-09,West,Grocery,Rice 5kg,Male,44.0,2,258.21,516.41
2024-03-21,South,Beauty,Perfume,Male,36.0,1,535.1,535.1
2024-10-31,West,Clothing,Sneakers,Male,49.0,3,1097.0,4442.84
2024-09-24,East,Electronics,Smartphone,Female,19.0,1,4305.84,4305.84
2023-02-24,North,Electronics,Smartwatch,Male,37.0,2,2304.45,3687.11
2023-01-12,Central,Grocery,Rice 5kg,Female,17.0,1,245.0,245.0
2024-10-18,North,Home & Kitchen,Bedsheet,Female,38.0,5,1319.05,8903.62
2024-02-04,Central,Electronics,Smartphone,Male,37.0,4,4150.22,13280.72
2024-10-09,East,Grocery,Rice 5kg,Male,30.0,4,432.95,2337.94
2024-05-29,Central,Electronics,Smartwatch,Male,,4,3002.22,12008.89
2024-10-17,North,Home & Kitchen,Cookware Set,Female,30.0,5,1052.11,7101.75
2024-06-25,East,Home & Kitchen,Mixer,Male,35.0,3,1632.44,4897.32
2023-08-25,North,Grocery,Beverages,Male,37.0,2,303.3,606.6
2023-10-06,North,Electronics,Smartphone,Female,55.0,5,3910.16,26393.61
2023-12-14,East,Beauty,Face Cream,Female,43.0,2,607.47,1640.16
2024-09-18,North,Grocery,Beverages,Male,27.0,3,411.26,1233.77
2023-04-14,East,Clothing,T-Shirt,Female,40.0,5,1166.95,5834.77
2024-09-21,North,Electronics,Smartphone,Female,43.0,1,3440.1,3440.1
2024-05-31,South,Home & Kitchen,Bedsheet,Female,26.0,3,1402.75,4208.26
2023-09-05,West,Beauty,Lipstick,Male,41.0,4,743.21,2972.83
2023-12-30,South,Beauty,Lipstick,Male,17.0,5,531.38,3586.81
2023-11-17,West,Home & Kitchen,Cookware Set,Female,26.0,3,1986.09,8043.68
2024-09-24,West,Beauty,Perfume,Male,18.0,3,450.0,1350.0
2023-10-13,Central,Electronics,Smartwatch,Female,31.0,5,4111.45,27752.29
2023-05-29,South,Electronics,Smartphone,Female,28.0,4,2445.08,9780.34
2023-03-25,West,Sports,Cricket Bat,Female,29.0,4,813.23,3252.9
2024-02-10,Central,Grocery,Rice 5kg,Male,42.0,3,334.0,801.6
2024-03-31,West,Home & Kitchen,Cookware Set,Male,34.0,2,2054.38,4108.75
2023-06-10,East,Grocery,Snacks Pack,Male,42.0,3,485.95,1457.86
2024-04-04,West,Sports,Football,Female,51.0,5,925.59,4627.97
2024-07-03,West,Grocery,Rice 5kg,Male,57.0,5,281.42,1407.08
2024-05-14,East,Beauty,Face Cream,Male,32.0,5,568.24,2841.2
2024-05-23,North,Grocery,Beverages,Male,39.0,4,327.59,1310.35
2024-10-15,North,Electronics,Laptop,Male,32.0,1,3941.49,5321.01
2024-04-25,West,Beauty,Shampoo,Male,45.0,5,606.48,3032.4
2024-10-24,South,Electronics,Headphones,Male,43.0,5,3986.94,26911.84
2023-04-24,West,Beauty,Face Cream,Female,26.0,2,734.46,1468.92
2024-07-31,South,Home & Kitchen,Mixer,Male,28.0,2,1657.23,3314.45
2023-12-27,East,Grocery,Cooking Oil,Male,49.0,3,449.21,1819.3
2023-12-07,North,Home & Kitchen,Cookware Set,Female,27.0,3,1255.43,5084.49
2024-03-24,North,Electronics,Laptop,Female,32.0,3,2602.46,7807.37
2023-06-29,Central,Clothing,Sneakers,Male,41.0,5,1102.91,5514.55
2024-12-02,Central,Sports,Dumbbells,Male,32.0,2,958.49,2587.93
2024-02-11,West,Sports,Dumbbells,Female,50.0,3,772.15,1853.16
2024-10-27,East,Clothing,T-Shirt,Male,45.0,2,1204.53,3252.24
2023-07-15,West,Sports,Dumbbells,Male,24.0,5,1249.66,6248.31
2024-04-10,East,Beauty,Face Cream,Male,27.0,5,606.87,3034.37
2023-11-07,East,Grocery,Snacks Pack,Male,40.0,3,422.81,1712.36
2023-09-19,North,Electronics,Headphones,Female,33.0,5,2986.66,14933.32
2024-02-23,West,Sports,Yoga Mat,Female,16.0,5,1504.32,6017.29
2024-02-10,West,Home & Kitchen,Vacuum Cleaner,Female,23.0,2,1122.05,1795.28
2023-05-23,Central,Beauty,Lipstick,Female,36.0,1,689.2,689.2
2023-12-08,North,Beauty,Lipstick,Male,43.0,4,746.46,4030.89
2023-11-12,West,Beauty,Face Cream,Female,43.0,3,617.03,2498.98
2023-04-11,East,Grocery,Cooking Oil,Male,55.0,1,429.97,429.97
2023-09-01,South,Clothing,Sneakers,Male,26.0,3,1213.95,3641.86
2024-05-04,North,Clothing,Sneakers,Female,26.0,1,1098.72,1098.72
2023-01-12,South,Clothing,Jeans,Female,33.0,5,824.9,4124.51
2023-08-27,South,Electronics,Smartphone,Male,16.0,3,3498.54,10495.61
2024-07-14,South,Home & Kitchen,Bedsheet,Female,33.0,1,2007.18,2007.18
2023-02-11,West,Grocery,Cooking Oil,Male,31.0,4,355.03,1136.09
2024-11-08,West,Beauty,Face Cream,Male,,5,706.31,4767.62
2024-08-16,East,Electronics,Laptop,Male,44.0,3,3282.75,9848.26
2024-03-04,Central,Home & Kitchen,Vacuum Cleaner,Female,37.0,3,1177.41,3532.23
2023-06-07,South,Electronics,Smartwatch,Female,34.0,1,2371.26,2371.26
2023-08-04,South,Electronics,Smartwatch,Female,38.0,3,4373.09,13119.28
2024-10-31,West,Electronics,Headphones,Male,25.0,5,3612.09,24381.63
2024-04-06,North,Grocery,Cooking Oil,Male,33.0,2,270.43,540.87
2023-05-14,South,Electronics,Smartwatch,Female,34.0,1,4160.66,4160.66
2023-03-08,South,Grocery,Snacks Pack,Male,33.0,4,373.06,1492.24
2023-01-07,North,Clothing,T-Shirt,Male,32.0,3,1116.32,3348.95
2024-06-09,Central,Beauty,Face Cream,Female,27.0,5,473.24,2366.19
2023-03-14,South,Beauty,Shampoo,Female,22.0,3,800.9,2402.71
2024-02-03,East,Sports,Dumbbells,Male,31.0,4,1224.71,3919.08
2024-02-09,North,Beauty,Lipstick,Male,40.0,5,730.07,2920.28
2024-11-05,West,Sports,Cricket Bat,Male,16.0,4,794.16,4288.48
2024-07-31,South,Beauty,Perfume,Female,28.0,5,552.43,2762.14
2023-05-10,West,Grocery,Beverages,Female,56.0,2,310.52,621.05
2024-04-10,South,Electronics,Laptop,Female,31.0,5,4367.09,21835.46
2023-07-25,North,Clothing,T-Shirt,Male,35.0,4,746.76,2987.05
2023-09-23,East,Clothing,Sneakers,Male,54.0,1,1075.44,1075.44
2024-06-20,North,Grocery,Snacks Pack,Female,37.0,2,255.47,510.95
2023-09-10,East,Home & Kitchen,Mixer,Female,37.0,3,1257.57,3772.7
2023-10-16,South,Beauty,Perfume,Female,23.0,2,562.21,1517.97
2023-06-13,Central,Sports,Dumbbells,Male,37.0,2,1381.77,2763.54
2023-04-05,North,Clothing,Jeans,Female,33.0,3,1127.69,3383.06
2023-04-20,West,Home & Kitchen,Vacuum Cleaner,Female,44.0,5,2050.23,10251.16
2023-12-02,North,Sports,Football,Female,48.0,2,1475.91,3984.96
2023-08-26,South,Clothing,Sneakers,Female,34.0,2,681.35,1362.71
2024-01-16,South,Grocery,Cooking Oil,Male,38.0,1,448.32,448.32
2024-03-11,Central,Clothing,T-Shirt,Male,16.0,1,914.24,914.24
2024-04-27,South,Grocery,Cooking Oil,Male,16.0,4,457.14,1828.57
2023-01-25,North,Clothing,Jacket,Female,46.0,3,686.25,2058.75
2024-10-14,South,Beauty,Perfume,Female,16.0,5,765.56,5167.55
2023-04-27,North,Home & Kitchen,Cookware Set,Female,37.0,5,1217.62,6088.12
2024-04-26,North,Electronics,Headphones,Male,32.0,4,2987.81,11951.22
2024-01-27,East,Clothing,Sneakers,Female,47.0,5,648.17,3240.87
2024-06-20,North,Home & Kitchen,Cookware Set,Female,33.0,5,1179.91,5899.57
2023-03-20,North,Sports,Yoga Mat,Male,53.0,1,1113.21,1113.21
2024-08-02,West,Grocery,Snacks Pack,Female,31.0,5,445.49,2227.46
2023-06-22,South,Home & Kitchen,Cookware Set,Male,46.0,5,1862.35,9311.77
2023-01-12,North,Clothing,Jeans,Male,17.0,4,778.24,3112.95
2023-05-08,South,Home & Kitchen,Cookware Set,Male,16.0,4,1209.27,4837.1
2024-08-30,West,Grocery,Beverages,Female,33.0,2,340.37,680.74
2023-04-02,South,Grocery,Snacks Pack,Female,18.0,5,461.4,2307.0
2024-10-14,East,Clothing,Jacket,Male,33.0,5,687.6,4641.29
2024-06-26,North,Grocery,Snacks Pack,Female,29.0,5,378.01,1890.07
2024-06-15,East,Grocery,Beverages,Female,40.0,1,266.76,266.76
2024-10-19,South,Sports,Cricket Bat,Female,22.0,5,1132.06,7641.43
2024-03-22,West,Sports,Yoga Mat,Male,38.0,1,867.63,867.63
2024-01-25,West,Grocery,Snacks Pack,Male,43.0,2,264.68,529.37
2024-11-02,East,Grocery,Rice 5kg,Female,31.0,3,291.76,1181.62
2023-02-12,South,Clothing,Sneakers,Male,39.0,5,790.81,3163.25
2023-09-11,South,Beauty,Face Cream,Male,23.0,4,536.03,2144.13
2023-05-10,South,Home & Kitchen,Mixer,Female,29.0,4,1727.53,6910.13
2023-03-01,North,Clothing,T-Shirt,Male,19.0,5,664.64,3323.19
2024-10-24,North,Clothing,T-Shirt,Female,59.0,1,680.91,919.23
2024-04-11,West,Beauty,Lipstick,Male,47.0,4,499.26,1997.03
2023-10-14,South,Electronics,Smartwatch,Female,52.0,4,4193.42,22644.47
2024-05-31,South,Home & Kitchen,Mixer,Male,47.0,2,1710.04,3420.07
2024-04-11,East,Home & Kitchen,Cookware Set,Male,26.0,2,1816.89,3633.78
2023-12-11,East,Electronics,Smartphone,Male,17.0,2,3069.61,8287.95
2024-10-03,North,Electronics,Smartphone,Female,29.0,4,2717.61,14675.11
2024-01-17,Central,Beauty,Shampoo,Female,39.0,4,435.94,1743.78
2024-11-20,North,Beauty,Perfume,Male,30.0,5,625.18,4220.0
2023-09-10,West,Clothing,Sneakers,Male,16.0,5,991.8,4958.99
2023-02-25,West,Beauty,Lipstick,Female,42.0,1,796.74,637.39
2024-04-07,West,Grocery,Rice 5kg,Male,16.0,4,461.11,1844.45
2024-04-01,East,Clothing,Jacket,Female,29.0,5,897.55,4487.76
2023-03-24,North,Grocery,Rice 5kg,Male,53.0,5,348.78,1743.88
2023-04-09,South,Sports,Cricket Bat,Female,34.0,2,894.06,1788.13
2023-05-29,East,Home & Kitchen,Bedsheet,Female,45.0,2,1320.32,2640.64
2023-11-25,South,Clothing,Jacket,Female,37.0,2,1213.17,3275.55
2023-06-05,Central,Sports,Football,Female,22.0,3,878.6,2635.79
2023-07-09,South,Grocery,Beverages,Male,42.0,5,482.33,2411.66
2024-05-08,South,Electronics,Laptop,Male,33.0,2,3370.61,6741.23
2023-09-20,South,Home & Kitchen,Vacuum Cleaner,Female,17.0,2,1529.44,3058.87
2023-03-21,South,Home & Kitchen,Bedsheet,Female,16.0,4,1233.37,4933.48
2024-02-04,East,Beauty,Lipstick,Female,38.0,2,697.85,1116.56
2024-08-31,West,Home & Kitchen,Mixer,Female,57.0,4,1532.84,6131.35
2023-09-17,West,Clothing,T-Shirt,Male,22.0,1,863.52,863.52
2024-09-06,West,Grocery,Rice 5kg,Male,23.0,2,309.81,619.61
2024-07-05,Central,Home & Kitchen,Cookware Set,Male,38.0,4,1119.81,4479.24
2023-04-11,West,Clothing,Sneakers,Male,19.0,2,957.18,1914.35
2023-12-25,North,Home & Kitchen,Vacuum Cleaner,Male,59.0,1,1378.55,1861.05
2024-01-15,West,Beauty,Lipstick,Female,24.0,2,717.3,1434.61
2023-08-09,North,Electronics,Laptop,Male,28.0,4,3860.69,15442.76
2024-02-24,North,Grocery,Cooking Oil,Male,25.0,1,326.37,261.09
2023-05-04,West,Clothing,Sneakers,Male,44.0,1,1051.55,1051.55
2024-02-26,South,Clothing,Jacket,Male,57.0,1,792.97,634.37
2023-08-19,North,Clothing,Jacket,Male,26.0,3,1088.12,3264.36
2024-11-20,North,Clothing,T-Shirt,Female,43.0,4,640.13,3456.69
2023-03-04,North,Beauty,Shampoo,Male,19.0,3,483.68,1451.03
2024-04-29,Central,Clothing,Sneakers,Female,44.0,1,784.36,784.36
2024-09-19,North,Grocery,Rice 5kg,Female,53.0,3,434.37,1303.11
2024-12-03,North,Electronics,Smartphone,Female,49.0,2,2388.68,6449.44
2024-07-27,South,Sports,Cricket Bat,Male,35.0,3,914.8,2744.41
2024-04-27,South,Grocery,Beverages,Male,22.0,5,332.86,1664.31
2024-06-02,Central,Grocery,Snacks Pack,Male,34.0,1,247.25,247.25
2023-06-04,North,Clothing,Sneakers,Male,30.0,1,1110.14,1110.14
2023-04-02,East,Clothing,Jeans,Female,29.0,4,982.87,3931.46
2024-06-09,West,Clothing,Sneakers,Female,36.0,2,1197.43,2394.86
2024-03-30,Central,Sports,Football,Female,33.0,4,793.89,3175.58
2024-08-20,West,Home & Kitchen,Mixer,Male,41.0,3,1334.96,4004.88
2024-10-06,West,Grocery,Cooking Oil,Female,41.0,5,424.16,2863.06
2024-05-24,North,Grocery,Snacks Pack,Male,33.0,5,410.41,2052.06
2023-07-02,South,Clothing,Jacket,Female,38.0,5,783.13,3915.63
2024-01-21,South,Grocery,Snacks Pack,Female,48.0,5,390.94,1954.72
2024-07-27,Central,Grocery,Rice 5kg,Male,28.0,2,439.47,878.94
2024-02-09,North,Grocery,Cooking Oil,Male,34.0,3,253.18,607.63
2023-09-03,North,Home & Kitchen,Mixer,Female,22.0,5,1803.51,9017.55
2024-08-13,South,Clothing,Sneakers,Male,39.0,1,788.82,788.82
2024-10-22,North,Clothing,Sneakers,Male,36.0,3,1227.15,4969.94
2024-10-11,North,Beauty,Lipstick,Male,39.0,2,646.05,1744.34
2024-04-15,Central,Grocery,Beverages,Male,23.0,5,253.18,1265.9
2024-02-27,South,Home & Kitchen,Vacuum Cleaner,Female,42.0,2,1473.6,2357.76
2023-03-06,West,Sports,Football,Female,35.0,5,1514.06,7570.3
2023-01-13,West,Electronics,Laptop,Female,45.0,1,3876.04,3876.04
2023-08-01,South,Beauty,Shampoo,Male,29.0,3,546.2,1638.6
2023-08-30,North,Sports,Football,Female,41.0,1,1212.96,1212.96
2024-05-07,North,Beauty,Face Cream,Female,38.0,5,671.62,3358.11
2023-08-01,South,Beauty,Lipstick,Male,50.0,4,429.81,1719.22
2024-11-23,West,Clothing,Jeans,Male,32.0,3,742.67,3007.79
2023-12-04,South,Clothing,Sneakers,Female,27.0,2,977.62,2639.57
2023-06-22,North,Grocery,Beverages,Male,28.0,5,343.67,1718.37
2024-11-02,East,Clothing,Sneakers,Male,21.0,1,749.72,1012.13
2023-06-13,Central,Electronics,Laptop,Male,28.0,4,3970.78,15883.11
2024-04-09,West,Grocery,Beverages,Male,16.0,5,364.8,1824.02
2024-05-11,Central,Clothing,Jeans,Male,49.0,2,825.28,1650.57
2024-11-30,West,Sports,Yoga Mat,Male,55.0,1,894.49,1207.56
2024-01-30,South,Beauty,Lipstick,Female,32.0,3,676.69,2030.07
2024-12-03,West,Beauty,Face Cream,Male,38.0,4,699.83,3779.08
2023-11-04,North,Grocery,Beverages,Female,35.0,5,409.05,2761.1
2023-07-02,West,Beauty,Lipstick,Male,19.0,5,512.52,2562.6
2024-09-20,West,Beauty,Perfume,Female,45.0,5,670.04,3350.21
2024-05-24,North,Grocery,Cooking Oil,Female,46.0,5,466.82,2334.12
2024-12-08,West,Clothing,Sneakers,Female,22.0,1,852.51,1150.89
2024-06-29,Central,Beauty,Perfume,Female,37.0,3,508.52,1525.57
2024-07-17,South,Beauty,Perfume,Female,31.0,2,744.3,1488.61
2024-09-15,West,Home & Kitchen,Cookware Set,Female,47.0,4,1235.73,4942.91
2024-08-16,North,Electronics,Laptop,Male,33.0,5,2808.4,14041.99
2023-08-15,East,Grocery,Cooking Oil,Male,33.0,5,269.66,1348.29
2024-03-11,East,Electronics,Headphones,Female,54.0,3,2840.04,8520.12
2024-02-26,East,Sports,Dumbbells,Male,19.0,3,1085.96,2606.3
2024-07-07,Central,Sports,Yoga Mat,Female,36.0,1,819.4,819.4
2023-01-21,Central,Electronics,Headphones,Female,34.0,1,4192.63,4192.63
2024-07-07,West,Grocery,Snacks Pack,Male,27.0,1,370.85,370.85
2024-02-01,South,Electronics,Laptop,Female,56.0,4,3557.35,11383.53
2024-09-16,Central,Grocery,Rice 5kg,Male,37.0,1,335.97,335.97
2023-04-15,North,Clothing,Jacket,Male,41.0,5,1052.0,5259.98
2023-07-11,Central,Grocery,Snacks Pack,Male,42.0,1,350.79,350.79
2023-01-17,South,Clothing,T-Shirt,Male,30.0,4,1109.63,4438.51
2023-04-30,North,Electronics,Laptop,Female,47.0,1,4079.94,4079.94
2024-01-28,West,Clothing,Jeans,Female,45.0,1,1053.26,1053.26
2024-02-29,South,Electronics,Laptop,Male,32.0,5,3340.59,13362.37
2023-05-09,South,Home & Kitchen,Bedsheet,Female,44.0,5,1871.38,9356.91
2023-05-10,South,Electronics,Laptop,Female,47.0,5,3347.2,16736.0
2024-07-25,North,Home & Kitchen,Bedsheet,Male,42.0,1,1167.09,1167.09
2024-07-13,North,Beauty,Lipstick,Male,24.0,5,468.86,2344.31
2023-01-29,North,Beauty,Perfume,Female,32.0,3,818.4,2455.21
2023-04-07,East,Beauty,Face Cream,Female,39.0,2,509.7,1019.39
2023-01-10,North,Sports,Football,Male,36.0,2,1398.26,2796.52
2023-08-30,West,Electronics,Smartphone,Male,25.0,5,2792.62,13963.1
2023-08-20,South,Electronics,Laptop,Female,30.0,4,3204.95,12819.79
2023-10-11,Central,Home & Kitchen,Mixer,Female,,5,1737.7,11729.44
2024-12-15,Central,Beauty,Face Cream,Male,17.0,5,486.72,3285.39
2024-12-26,South,Sports,Football,Female,34.0,1,1337.68,1805.87
2023-07-19,West,Electronics,Headphones,Male,41.0,4,3785.41,15141.62
2023-03-20,West,Clothing,Jacket,Female,37.0,5,972.14,4860.71
2023-06-22,Central,Clothing,Jacket,Male,24.0,3,986.51,2959.53
2024-04-11,East,Grocery,Rice 5kg,Male,26.0,2,270.91,541.83
2024-08-03,North,Grocery,Snacks Pack,Male,50.0,3,351.81,1055.42
2024-02-20,West,Electronics,Smartwatch,Female,23.0,3,2433.92,5841.41
2024-03-24,West,Home & Kitchen,Cookware Set,Female,47.0,3,1373.26,4119.77
2023-03-28,West,Grocery,Snacks Pack,Female,27.0,4,465.58,1862.31
2023-04-11,South,Grocery,Rice 5kg,Female,46.0,4,385.76,1543.04
2023-01-08,Central,Electronics,Smartphone,Male,39.0,4,3903.66,15614.62
2023-07-19,Central,Beauty,Perfume,Female,30.0,2,661.03,1322.06
2024-05-19,North,Home & Kitchen,Cookware Set,Male,16.0,1,1253.95,1253.95
2023-03-28,North,Beauty,Face Cream,Female,38.0,5,669.82,3349.1
2023-02-12,North,Beauty,Lipstick,Male,35.0,5,737.26,2949.05
2024-01-20,Central,Electronics,Smartwatch,Male,38.0,1,2550.03,2550.03
2024-09-12,West,Electronics,Laptop,Male,39.0,5,4069.87,20349.36
2024-03-10,West,Grocery,Beverages,Female,19.0,3,381.07,1143.21
2024-02-12,South,Electronics,Laptop,Female,38.0,2,2249.58,3599.32
2024-04-27,East,Beauty,Shampoo,Female,42.0,5,638.31,3191.53
2024-10-25,South,Grocery,Snacks Pack,Male,42.0,2,341.94,923.24
2023-01-17,East,Beauty,Perfume,Female,20.0,1,544.51,544.51
2024-10-06,West,Clothing,Jacket,Male,46.0,5,1115.89,7532.27
2023-05-28,Central,Clothing,Sneakers,Female,38.0,2,1196.68,2393.37
2023-10-04,Central,Grocery,Snacks Pack,Female,40.0,3,431.85,1748.99
2023-08-20,Central,Electronics,Headphones,Male,24.0,3,4136.77,12410.31
2024-01-01,South,Grocery,Snacks Pack,Male,42.0,1,467.65,467.65
2023-08-16,East,Beauty,Shampoo,Male,16.0,4,803.3,3213.22
2024-10-12,West,Clothing,T-Shirt,Male,24.0,5,702.22,4740.0
2024-03-11,Central,Grocery,Cooking Oil,Male,47.0,3,356.81,1070.44
2024-02-03,North,Electronics,Smartphone,Male,41.0,3,2240.64,5377.54
2023-07-30,South,Clothing,Jeans,Male,37.0,1,949.07,949.07
2024-01-26,North,Sports,Cricket Bat,Female,44.0,3,1481.67,4445.0
2024-05-13,East,Sports,Cricket Bat,Female,45.0,5,923.31,4616.54
2024-06-23,South,Home & Kitchen,Bedsheet,Male,42.0,1,1721.78,1721.78
2024-07-16,South,Sports,Cricket Bat,Male,31.0,2,1266.17,2532.34
2024-05-05,North,Home & Kitchen,Vacuum Cleaner,Male,24.0,1,1218.37,1218.37
2024-03-17,South,Clothing,Jeans,Male,26.0,5,780.27,3901.36
2023-09-18,Central,Clothing,Sneakers,Female,49.0,5,921.07,4605.37
2023-12-16,South,Sports,Cricket Bat,Female,19.0,2,914.92,2470.29
2023-12-18,West,Electronics,Smartphone,Female,39.0,1,3550.39,4793.02
2024-06-03,West,Home & Kitchen,Mixer,Male,39.0,5,1558.77,7793.84
2023-11-16,Central,Home & Kitchen,Bedsheet,Female,50.0,5,1595.16,10767.32
2023-05-18,North,Grocery,Rice 5kg,Male,39.0,2,277.94,555.89
2024-07-03,Central,Home & Kitchen,Mixer,Female,29.0,4,1593.11,6372.46
2024-09-14,East,Clothing,Jeans,Female,29.0,1,661.17,661.17
2024-01-03,Central,Electronics,Laptop,Female,33.0,5,4214.64,21073.2
2023-08-08,Central,Grocery,Rice 5kg,Female,46.0,3,329.1,987.29
2023-12-03,South,Grocery,Beverages,Male,42.0,2,454.8,1227.97
2023-08-11,North,Home & Kitchen,Mixer,Female,22.0,4,1786.74,7146.96
2024-10-09,South,Grocery,Rice 5kg,Male,37.0,4,432.71,2336.65
2023-12-26,East,Electronics,Laptop,Male,43.0,2,2944.58,7950.37
2023-11-25,North,Beauty,Shampoo,Male,31.0,4,515.65,2784.52
2024-04-07,North,Home & Kitchen,Bedsheet,Female,16.0,5,1477.08,7385.39
2024-07-14,East,Electronics,Smartphone,Female,31.0,4,2294.27,9177.06
2024-01-17,North,Home & Kitchen,Cookware Set,Female,17.0,1,2014.69,2014.69
2024-08-12,North,Beauty,Shampoo,Female,16.0,3,582.55,1747.64
2024-09-08,South,Beauty,Face Cream,Male,45.0,5,835.19,4175.97
2023-06-18,North,Clothing,Jacket,Female,61.0,2,1109.71,2219.43
2023-08-05,South,Grocery,Rice 5kg,Female,49.0,3,264.73,794.18
2024-01-13,East,Electronics,Smartwatch,Male,16.0,5,3718.82,18594.11
2023-04-29,East,Electronics,Laptop,Male,32.0,3,2846.68,8540.04
2023-07-09,Central,Home & Kitchen,Cookware Set,Female,27.0,4,1305.9,5223.62
2024-01-05,East,Grocery,Snacks Pack,Female,17.0,2,307.86,615.72
2023-05-29,East,Grocery,Beverages,Female,39.0,2,469.44,938.88
2024-11-06,South,Clothing,T-Shirt,Female,31.0,1,944.99,1275.73
2024-10-13,West,Electronics,Headphones,Female,21.0,4,3739.61,20193.92
2024-05-02,Central,Home & Kitchen,Cookware Set,Female,16.0,1,1345.0,1345.0
2024-01-09,Central,Electronics,Headphones,Female,27.0,1,3411.42,3411.42
2024-11-23,West,Electronics,Headphones,Female,34.0,4,3024.22,16330.81
2023-06-09,North,Clothing,Sneakers,Male,32.0,5,832.32,4161.59
2023-12-17,South,Home & Kitchen,Vacuum Cleaner,Female,45.0,1,1309.32,1767.58
2023-10-15,North,Clothing,T-Shirt,Female,37.0,3,887.67,3595.08
2023-10-15,Central,Home & Kitchen,Bedsheet,Female,30.0,5,1743.03,11765.46
2023-08-14,West,Electronics,Smartwatch,Male,25.0,4,2737.38,10949.51
2024-06-06,West,Electronics,Smartphone,Male,16.0,2,4402.59,8805.19
2024-06-05,South,Grocery,Beverages,Male,21.0,5,275.53,1377.65
2023-09-30,Central,Electronics,Smartphone,Female,48.0,1,3315.66,3315.66
2024-02-06,South,Grocery,Rice 5kg,Female,43.0,3,265.83,638.0
2023-07-02,North,Electronics,Smartphone,Male,37.0,4,2290.77,9163.08
2024-10-26,South,Clothing,Sneakers,Male,28.0,2,1211.29,3270.47
2024-05-02,East,Electronics,Laptop,Male,47.0,3,4055.26,12165.79
2023-05-04,East,Electronics,Laptop,Male,22.0,2,3794.91,7589.82
2024-09-17,Central,Home & Kitchen,Mixer,Male,23.0,4,1958.45,7833.8
2024-02-18,North,Sports,Cricket Bat,Male,32.0,5,1388.19,5552.77
2024-12-25,East,Electronics,Laptop,Male,16.0,1,3689.81,4981.25
2023-06-21,East,Home & Kitchen,Cookware Set,Male,22.0,4,1939.71,7758.84
2023-10-15,South,Grocery,Rice 5kg,Male,31.0,3,340.75,1380.02
2024-03-10,Central,Home & Kitchen,Bedsheet,Female,28.0,5,1630.39,8151.95
2024-11-16,West,Beauty,Face Cream,Male,23.0,2,746.05,2014.34
2023-04-23,West,Electronics,Smartphone,Male,56.0,5,2429.95,12149.74
2023-05-02,Central,Sports,Cricket Bat,Male,48.0,5,1431.16,7155.79
2024-06-27,West,Clothing,Sneakers,Male,52.0,3,728.8,2186.41
2023-08-10,South,Clothing,Sneakers,Male,32.0,1,1174.66,1174.66
2024-09-22,West,Beauty,Lipstick,Male,28.0,5,550.76,2753.8
2023-02-08,South,Home & Kitchen,Cookware Set,Female,51.0,5,1393.12,5572.49
2024-05-11,South,Home & Kitchen,Cookware Set,Female,34.0,1,1127.65,1127.65
2023-08-21,North,Grocery,Beverages,Female,22.0,1,462.05,462.05
2024-06-13,West,Home & Kitchen,Bedsheet,Female,23.0,2,1233.24,2466.47
2023-05-29,West,Electronics,Smartphone,Male,30.0,2,3651.31,7302.62
2024-02-01,South,Grocery,Cooking Oil,Female,33.0,1,402.77,322.22
2024-10-22,West,Electronics,Smartphone,Male,34.0,4,2869.78,15496.81
2024-09-29,Central,Beauty,Perfume,Female,31.0,1,833.98,833.98
2023-10-29,North,Sports,Football,Male,59.0,2,819.41,2212.4
2023-12-26,South,Clothing,Sneakers,Female,19.0,3,1012.96,4102.49
2023-08-26,West,Home & Kitchen,Vacuum Cleaner,Male,41.0,3,1553.52,4660.56
2024-10-08,South,Electronics,Smartphone,Male,28.0,5,2789.88,18831.72
2024-10-24,West,Electronics,Smartwatch,Female,33.0,3,2606.36,10555.74
2023-08-24,North,Sports,Cricket Bat,Male,44.0,2,1337.55,2675.11
2023-07-22,East,Electronics,Laptop,Female,16.0,3,4292.55,12877.64
2023-09-13,West,Home & Kitchen,Bedsheet,Female,23.0,4,1162.92,4651.69
2024-08-20,West,Beauty,Face Cream,Male,32.0,1,501.47,501.47
2024-10-23,West,Beauty,Lipstick,Male,50.0,1,834.23,1126.21
2023-08-23,Central,Home & Kitchen,Cookware Set,Male,50.0,2,1065.77,2131.55
2023-12-11,West,Home & Kitchen,Cookware Set,Female,48.0,5,1583.66,10689.74
2024-06-17,West,Grocery,Rice 5kg,Male,16.0,1,371.45,371.45
2024-04-10,North,Sports,Football,Female,22.0,3,972.63,2917.9
2024-06-24,East,Grocery,Beverages,Female,22.0,4,407.44,1629.77
2023-08-01,North,Home & Kitchen,Mixer,Male,33.0,5,2042.19,10210.94
2024-04-07,West,Electronics,Smartwatch,Female,16.0,5,3248.48,16242.4
2024-03-11,South,Electronics,Smartwatch,Female,46.0,5,3918.7,19593.5
2023-10-10,East,Home & Kitchen,Bedsheet,Male,16.0,1,1728.37,2333.3
2024-07-15,South,Sports,Football,Male,45.0,5,1134.17,5670.83
2024-08-29,West,Beauty,Shampoo,Female,43.0,2,440.92,881.84
2024-04-07,Central,Sports,Dumbbells,Male,21.0,3,1341.15,4023.44
2024-02-11,South,Home & Kitchen,Vacuum Cleaner,Male,47.0,4,1431.41,4580.52
2023-03-29,Central,Grocery,Beverages,Male,30.0,3,300.0,900.0
2023-02-13,South,Beauty,Lipstick,Female,27.0,2,818.27,1309.24
2024-04-05,East,Grocery,Rice 5kg,Female,29.0,2,434.51,869.02
2023-10-05,Central,Clothing,Sneakers,Female,30.0,3,1236.23,5006.73
2024-11-13,South,Home & Kitchen,Cookware Set,Male,31.0,1,1319.03,1780.69
2024-02-25,Central,Beauty,Face Cream,Female,31.0,2,771.03,1233.65
2024-12-01,North,Clothing,Jacket,Female,24.0,5,1012.86,6836.84
2023-12-19,North,Sports,Cricket Bat,Male,26.0,4,1525.76,8239.09
2024-11-26,Central,Clothing,Jacket,Male,27.0,4,1226.18,6621.37
2024-05-29,North,Grocery,Rice 5kg,Female,52.0,2,483.38,966.75
2024-12-03,Central,Grocery,Rice 5kg,Female,27.0,5,478.18,3227.74
2024-09-21,Central,Grocery,Snacks Pack,Female,27.0,3,246.88,740.63
2023-01-19,North,Home & Kitchen,Cookware Set,Female,50.0,4,1828.14,7312.56
2023-01-23,East,Sports,Football,Female,,5,979.39,4896.95
2024-02-17,North,Grocery,Cooking Oil,Male,24.0,5,417.73,1670.93
2023-01-30,South,Clothing,T-Shirt,Female,21.0,1,1247.79,1247.79
2023-04-18,North,Grocery,Beverages,Female,18.0,2,254.64,509.29
2024-01-02,South,Clothing,T-Shirt,Female,39.0,5,987.2,4936.01
2023-10-08,South,Clothing,Sneakers,Male,16.0,3,1093.02,4426.73
2023-05-08,South,Clothing,Sneakers,Female,48.0,4,789.62,3158.46
2023-08-17,Central,Beauty,Shampoo,Female,32.0,1,514.55,514.55
2023-04-21,West,Home & Kitchen,Bedsheet,Male,29.0,3,1113.36,3340.09
2023-05-16,West,Grocery,Rice 5kg,Male,31.0,4,268.01,1072.04
2023-12-28,East,Clothing,T-Shirt,Female,39.0,2,1043.75,2818.13
2023-07-05,Central,Clothing,Jeans,Male,28.0,3,948.28,2844.85
2024-10-17,South,Sports,Yoga Mat,Female,31.0,4,793.16,4283.04
2024-08-06,West,Grocery,Rice 5kg,Female,45.0,1,482.57,482.57
2023-05-09,Central,Sports,Dumbbells,Male,37.0,4,1275.16,5100.62
2023-09-18,South,Clothing,T-Shirt,Female,20.0,5,954.75,4773.73
2024-05-29,West,Electronics,Headphones,Female,26.0,1,2850.9,2850.9
2024-03-24,Central,Beauty,Face Cream,Male,16.0,3,696.4,2089.2
2023-04-14,Central,Grocery,Snacks Pack,Male,40.0,2,334.22,668.44
2024-04-27,West,Electronics,Smartwatch,Female,41.0,1,3813.59,3813.59
2023-08-12,South,Clothing,Jeans,Male,23.0,1,1060.02,1060.02
2024-05-05,South,Beauty,Face Cream,Male,59.0,1,458.95,458.95
2024-04-17,North,Home & Kitchen,Bedsheet,Male,60.0,4,2004.72,8018.89
2023-01-10,West,Grocery,Beverages,Male,34.0,5,364.31,1821.54
2024-02-09,North,Clothing,Jeans,Male,25.0,2,877.56,1404.09
2023-10-29,Central,Clothing,T-Shirt,Female,37.0,2,1231.94,3326.24
2023-08-19,North,Sports,Yoga Mat,Female,24.0,5,1107.42,5537.11
2023-03-07,North,Clothing,Sneakers,Male,44.0,4,1084.37,4337.48
2023-04-22,East,Home & Kitchen,Cookware Set,Male,35.0,4,1737.89,6951.57
2023-01-13,West,Beauty,Perfume,Female,36.0,5,489.36,2446.79
2024-01-28,North,Clothing,Sneakers,Male,53.0,5,1254.42,6272.1
2024-05-14,East,Clothing,T-Shirt,Female,27.0,3,922.07,2766.21
2024-08-20,East,Grocery,Beverages,Female,27.0,4,341.72,1366.89
2023-08-22,North,Home & Kitchen,Vacuum Cleaner,Female,43.0,1,2015.59,2015.59
2024-08-24,North,Home & Kitchen,Vacuum Cleaner,Male,29.0,2,1605.7,3211.4
2023-11-10,Central,Clothing,T-Shirt,Male,51.0,4,1074.2,5800.67
2024-07-19,East,Home & Kitchen,Mixer,Male,45.0,5,1938.56,9692.79
2023-01-12,North,Grocery,Cooking Oil,Male,29.0,1,302.7,302.7
2023-07-28,West,Grocery,Rice 5kg,Male,16.0,3,286.52,859.56
2023-01-14,Central,Electronics,Smartphone,Female,18.0,3,2393.46,7180.37
2024-09-24,East,Grocery,Snacks Pack,Female,28.0,1,464.8,464.8
2024-02-22,East,Sports,Yoga Mat,Female,38.0,1,924.28,739.43
2024-03-12,Central,Home & Kitchen,Bedsheet,Female,46.0,5,1373.14,6865.71
2024-01-12,Central,Grocery,Beverages,Male,31.0,5,315.02,1575.11
2023-01-20,West,Home & Kitchen,Cookware Set,Female,24.0,2,1369.82,2739.63
2024-08-09,East,Beauty,Face Cream,Male,32.0,2,700.59,1401.17
2023-03-11,East,Sports,Cricket Bat,Male,34.0,3,1504.67,4514.0
2023-07-30,West,Electronics,Smartwatch,Female,48.0,1,2977.98,2977.98
2023-04-11,North,Home & Kitchen,Vacuum Cleaner,Female,47.0,3,1478.03,4434.09
2024-11-28,East,Clothing,Jeans,Female,22.0,5,1115.82,7531.8
2023-05-12,Central,Clothing,Jacket,Male,38.0,4,902.37,3609.49
2024-09-14,West,Electronics,Laptop,Male,24.0,5,4314.34,21571.68
2024-01-16,South,Beauty,Face Cream,Male,24.0,4,631.35,2525.41
2023-05-12,West,Electronics,Smartphone,Male,45.0,1,3018.93,3018.93
2023-01-20,North,Home & Kitchen,Vacuum Cleaner,Male,31.0,1,2070.15,2070.15
2024-06-19,South,Grocery,Beverages,Female,41.0,1,349.32,349.32
2023-08-15,West,Clothing,Sneakers,Female,39.0,2,775.64,1551.28
2023-06-03,South,Sports,Cricket Bat,Male,33.0,2,906.83,1813.66
2024-04-13,North,Beauty,Lipstick,Female,,4,837.98,3351.9
2024-02-09,Central,Home & Kitchen,Bedsheet,Male,36.0,3,1840.64,4417.53
2023-07-21,North,Clothing,Jacket,Female,21.0,3,887.46,2662.37
2023-02-07,South,Clothing,Sneakers,Male,39.0,4,1150.61,3681.95
2023-07-07,Central,Grocery,Beverages,Female,26.0,2,378.97,757.94
2023-02-26,West,Electronics,Laptop,Female,22.0,5,2950.95,11803.81
2023-01-20,West,Grocery,Rice 5kg,Female,43.0,4,427.13,1708.52
2023-09-30,Central,Beauty,Face Cream,Male,27.0,3,733.28,2199.83
2023-04-29,North,Clothing,Jeans,Female,46.0,4,945.11,3780.43
2024-08-05,West,Beauty,Lipstick,Male,46.0,4,438.97,1755.87
2024-05-30,East,Electronics,Laptop,Male,28.0,1,2412.53,2412.53
2023-08-09,Central,Sports,Football,Male,45.0,2,1377.34,2754.67
2024-06-09,East,Electronics,Headphones,Female,29.0,1,4084.59,4084.59
2024-05-29,West,Grocery,Rice 5kg,Female,33.0,2,411.18,822.36
2024-12-28,East,Clothing,Jacket,Male,39.0,4,1158.61,6256.51
2023-12-02,East,Beauty,Shampoo,Female,56.0,2,722.18,1949.9
2024-11-28,West,Home & Kitchen,Cookware Set,Female,44.0,3,1991.78,8066.71
2023-02-24,West,Electronics,Laptop,Male,33.0,1,2576.89,2061.51
2024-05-14,West,Home & Kitchen,Vacuum Cleaner,Male,35.0,4,1457.13,5828.51
2024-06-19,East,Clothing,Jeans,Male,16.0,3,922.39,2767.17
2023-06-11,East,Grocery,Rice 5kg,Female,45.0,2,317.93,635.86
2024-10-31,West,Beauty,Lipstick,Male,43.0,2,724.65,1956.57
2024-08-16,Central,Clothing,T-Shirt,Female,37.0,3,1204.84,3614.51
2023-06-08,West,Clothing,Jacket,Male,41.0,2,889.86,1779.73
2023-07-07,Central,Electronics,Smartphone,Male,,1,4349.05,4349.05
2023-03-01,Central,Home & Kitchen,Cookware Set,Male,22.0,5,1592.61,7963.04
2023-11-15,East,Clothing,Sneakers,Male,53.0,2,959.18,2589.8
2023-07-30,West,Clothing,Jeans,Male,31.0,4,1008.14,4032.55
2024-02-10,Central,Electronics,Smartwatch,Male,42.0,2,2841.06,4545.7
2024-10-25,East,Home & Kitchen,Mixer,Female,25.0,4,1452.53,7843.65
2023-04-19,Central,Sports,Cricket Bat,Male,29.0,2,1195.99,2391.99
2023-03-17,West,Clothing,Jeans,Female,54.0,2,1223.45,2446.9
2024-06-25,East,Home & Kitchen,Cookware Set,Female,32.0,4,1724.83,6899.31
2023-11-10,South,Grocery,Snacks Pack,Female,39.0,1,326.61,440.93
2023-04-27,South,Grocery,Snacks Pack,Female,35.0,5,247.56,1237.82
2024-12-04,Central,Clothing,Jeans,Female,36.0,5,1248.45,8427.03
2023-01-19,West,Grocery,Cooking Oil,Male,36.0,1,365.78,365.78
2024-03-07,East,Beauty,Face Cream,Female,16.0,2,814.17,1628.34
2024-11-15,Central,Electronics,Smartphone,Female,39.0,5,3470.53,23426.1
2023-12-16,East,Home & Kitchen,Vacuum Cleaner,Female,28.0,1,1685.74,2275.75
2023-07-02,East,Clothing,T-Shirt,Female,53.0,1,1078.5,1078.5
2023-04-23,West,Clothing,Sneakers,Female,25.0,5,832.21,4161.07
2023-07-02,West,Clothing,Jacket,Male,28.0,4,1070.36,4281.44
2024-04-25,North,Grocery,Snacks Pack,Female,60.0,3,374.06,1122.19
2023-05-26,East,Electronics,Headphones,Male,41.0,4,3746.36,14985.42
2024-09-19,East,Home & Kitchen,Bedsheet,Male,23.0,2,1927.62,3855.25
2023-04-23,South,Home & Kitchen,Vacuum Cleaner,Female,35.0,4,1243.44,4973.76
2024-04-20,East,Home & Kitchen,Cookware Set,Male,20.0,3,1694.23,5082.69
2023-10-30,South,Grocery,Snacks Pack,Male,36.0,3,257.77,1043.96
2023-04-28,North,Clothing,T-Shirt,Female,25.0,1,694.33,694.33
2023-06-10,South,Sports,Cricket Bat,Female,54.0,2,1289.44,2578.88
2024-02-05,North,Home & Kitchen,Mixer,Female,38.0,1,1124.48,899.59
2023-07-17,East,Home & Kitchen,Vacuum Cleaner,Female,39.0,4,1675.13,6700.5
2023-09-17,Central,Beauty,Lipstick,Female,44.0,4,512.41,2049.62
2024-10-21,West,Clothing,Jeans,Male,45.0,5,821.57,5545.62
2023-02-16,South,Electronics,Headphones,Female,26.0,1,2530.39,2024.31
2024-02-03,North,Grocery,Beverages,Male,35.0,1,305.92,244.74
2024-12-10,North,Home & Kitchen,Cookware Set,Male,29.0,1,1912.36,2581.68
2024-07-12,East,Beauty,Face Cream,Female,57.0,1,688.33,688.33
2023-03-19,North,Sports,Football,Female,16.0,3,1501.32,4503.95
2023-05-04,East,Clothing,Jeans,Male,27.0,5,660.71,3303.55
2023-03-16,South,Clothing,Sneakers,Male,33.0,2,1129.22,2258.44
2023-05-17,Central,Clothing,Jeans,Female,35.0,2,1070.42,2140.84
2024-08-24,South,Clothing,T-Shirt,Female,35.0,2,794.36,1588.72
2024-02-04,South,Grocery,Beverages,Female,33.0,3,423.65,1016.75
2024-05-19,West,Grocery,Snacks Pack,Male,32.0,5,420.55,2102.77
2024-05-14,South,Home & Kitchen,Vacuum Cleaner,Female,36.0,5,1532.31,7661.56
2024-07-26,North,Electronics,Smartwatch,Male,39.0,3,3782.55,11347.66
2023-05-18,East,Clothing,Jacket,Male,53.0,1,910.09,910.09
2023-02-19,East,Clothing,Jeans,Female,53.0,4,841.39,2692.46
2024-09-10,West,Beauty,Face Cream,Female,37.0,1,615.93,615.93
2024-09-16,South,Electronics,Smartphone,Male,28.0,2,4245.09,8490.18
2023-09-11,East,Beauty,Lipstick,Male,29.0,1,581.53,581.53
2024-09-21,South,Grocery,Rice 5kg,Female,19.0,3,343.9,1031.71
2024-12-10,North,Grocery,Beverages,Male,44.0,2,394.06,1063.96
2024-07-16,Central,Home & Kitchen,Bedsheet,Male,33.0,4,1840.65,7362.6
2024-03-01,West,Grocery,Beverages,Male,38.0,2,424.98,849.96
2024-06-30,South,Grocery,Cooking Oil,Male,37.0,1,249.85,249.85
2023-10-29,East,Grocery,Rice 5kg,Male,26.0,5,413.42,2790.56
2024-08-03,North,Home & Kitchen,Mixer,Female,24.0,5,1523.08,7615.41
2023-12-15,Central,Home & Kitchen,Mixer,Female,29.0,5,1600.29,10801.99
2023-02-18,North,Grocery,Cooking Oil,Female,39.0,2,382.61,612.17
2023-03-15,North,Electronics,Laptop,Female,33.0,5,3879.05,19395.26
2024-12-04,East,Home & Kitchen,Cookware Set,Female,16.0,3,1922.9,7787.74
2023-09-18,East,Sports,Football,Female,22.0,4,1267.62,5070.48
2023-12-22,East,Electronics,Smartwatch,Female,31.0,5,3503.15,23646.28
2024-08-04,North,Clothing,T-Shirt,Male,33.0,3,865.47,2596.42
2024-08-24,South,Clothing,T-Shirt,Female,39.0,3,716.86,2150.59
2023-09-17,East,Grocery,Snacks Pack,Male,34.0,2,479.85,959.7
2024-09-29,North,Electronics,Laptop,Female,30.0,2,3274.53,6549.05
2023-10-22,Central,Grocery,Beverages,Male,29.0,4,383.72,2072.1
2024-10-02,North,Electronics,Headphones,Female,36.0,4,3922.4,21180.98
2023-11-09,East,Electronics,Laptop,Female,38.0,1,2393.24,3230.87
2024-09-03,West,Grocery,Snacks Pack,Male,30.0,4,454.48,1817.91
2023-07-01,South,Clothing,T-Shirt,Male,22.0,2,1132.13,2264.25
2024-11-16,West,Sports,Football,Male,32.0,3,1366.31,5533.56
2023-12-30,Central,Electronics,Laptop,Male,26.0,1,2289.24,3090.48
2023-07-07,North,Home & Kitchen,Mixer,Male,37.0,4,1602.84,6411.38
2024-07-22,Central,Electronics,Laptop,Male,50.0,3,2361.56,7084.68
2024-06-26,East,Clothing,Sneakers,Male,19.0,2,977.05,1954.1
2024-08-18,South,Sports,Yoga Mat,Female,46.0,5,1323.21,6616.03
2024-10-25,South,Beauty,Face Cream,Male,39.0,1,471.18,636.09
2024-07-01,South,Electronics,Laptop,Male,46.0,3,3796.54,11389.61
2024-12-25,West,Home & Kitchen,Bedsheet,Male,29.0,2,1522.01,4109.43
2024-02-12,West,Grocery,Beverages,Male,18.0,2,443.83,710.13
2024-09-09,Central,Clothing,Jacket,Male,35.0,1,966.16,966.16
2024-02-18,Central,Electronics,Laptop,Female,49.0,1,2992.91,2394.33
2023-12-08,West,Sports,Dumbbells,Male,22.0,4,1025.63,5538.42
2023-08-08,East,Sports,Dumbbells,Female,23.0,4,1461.06,5844.26
2023-06-12,South,Sports,Football,Female,40.0,1,1118.71,1118.71
2023-08-08,East,Grocery,Cooking Oil,Male,28.0,1,344.41,344.41
2023-09-27,North,Grocery,Beverages,Male,52.0,3,254.77,764.31
2024-09-23,West,Clothing,Jacket,Male,41.0,4,859.52,3438.1
2024-02-04,East,Electronics,Headphones,Female,26.0,2,4143.16,6629.06
2023-07-01,North,Electronics,Laptop,Male,27.0,4,3944.61,15778.45
2024-09-09,North,Grocery,Snacks Pack,Female,28.0,4,299.12,1196.49
2024-12-29,South,Grocery,Cooking Oil,Female,33.0,1,346.2,467.37
2023-07-24,East,Beauty,Shampoo,Female,37.0,1,502.56,502.56
2024-08-04,East,Sports,Football,Male,36.0,4,1504.75,6018.99
2024-07-09,East,Beauty,Lipstick,Male,21.0,5,671.21,3356.05
2023-08-16,East,Sports,Dumbbells,Female,43.0,5,1350.85,6754.27
2024-11-26,West,Clothing,Jacket,Female,30.0,4,1079.7,5830.38
2024-09-10,North,Grocery,Snacks Pack,Female,23.0,5,459.05,2295.27
2024-08-18,North,Home & Kitchen,Mixer,Female,28.0,4,2046.79,8187.18
2023-09-07,East,Clothing,Jacket,Female,45.0,1,650.44,650.44
2024-03-16,East,Sports,Yoga Mat,Female,36.0,1,1520.98,1520.98
2024-06-16,North,Beauty,Shampoo,Female,37.0,1,785.63,785.63
2023-07-15,South,Electronics,Smartphone,Male,21.0,2,3097.8,6195.6
2024-11-20,North,Electronics,Smartphone,Female,35.0,1,4115.04,5555.3
2024-06-02,East,Grocery,Cooking Oil,Male,44.0,1,425.46,425.46
2023-03-11,South,Grocery,Cooking Oil,Male,16.0,4,439.31,1757.25
2024-09-30,East,Sports,Cricket Bat,Female,29.0,5,939.93,4699.66
2024-02-03,West,Clothing,T-Shirt,Male,40.0,5,1038.6,4154.38
2024-11-02,South,Electronics,Headphones,Male,35.0,1,2298.07,3102.4
2023-07-22,Central,Clothing,Jeans,Male,22.0,1,1164.38,1164.38
2023-05-28,East,Electronics,Smartwatch,Female,38.0,1,4370.34,4370.34
2024-04-16,East,Electronics,Smartphone,Female,21.0,4,3723.16,14892.63
2024-10-16,West,Sports,Football,Female,24.0,4,1164.76,6289.68
2023-07-18,West,Clothing,T-Shirt,Male,25.0,4,1087.21,4348.84
2024-03-01,East,Clothing,Jeans,Male,50.0,5,835.61,4178.04
2024-10-27,South,Electronics,Headphones,Male,16.0,2,3643.11,9836.39
2024-05-06,North,Clothing,Jeans,Male,16.0,5,1082.95,5414.76
2023-05-22,North,Beauty,Perfume,Female,37.0,4,479.93,1919.7
2023-11-09,South,Grocery,Beverages,Male,35.0,3,279.32,1131.23
2023-06-14,South,Grocery,Beverages,Male,28.0,2,420.45,840.91
2023-11-10,South,Home & Kitchen,Mixer,Male,34.0,1,1503.37,2029.55
2023-01-21,North,Clothing,Jacket,Male,22.0,5,1190.2,5950.98
2023-03-23,West,Home & Kitchen,Bedsheet,Male,35.0,2,1377.54,2755.07
2024-08-03,Central,Clothing,T-Shirt,Female,36.0,3,656.73,1970.19
2023-05-11,Central,Beauty,Shampoo,Male,47.0,2,692.95,1385.9
2024-08-21,East,Clothing,Jeans,Female,54.0,5,1061.07,5305.35
2024-12-30,West,Grocery,Snacks Pack,Female,31.0,4,380.63,2055.4
2023-11-01,Central,Electronics,Smartwatch,Male,19.0,1,3770.67,5090.4
2024-01-06,South,Grocery,Cooking Oil,Male,38.0,4,373.32,1493.28
2024-01-19,South,Sports,Cricket Bat,Female,32.0,4,1303.33,5213.31
2024-03-20,Central,Grocery,Cooking Oil,Male,32.0,5,255.76,1278.82
2024-02-29,East,Home & Kitchen,Cookware Set,Female,16.0,4,1436.82,4597.82
2023-06-10,East,Sports,Dumbbells,Female,35.0,4,932.33,3729.32
2023-06-27,North,Grocery,Beverages,Male,38.0,5,269.33,1346.67
2024-09-20,North,Clothing,T-Shirt,Female,44.0,5,777.48,3887.39
2024-12-08,Central,Clothing,Jacket,Female,28.0,3,750.53,3039.63
2024-05-04,East,Grocery,Snacks Pack,Male,24.0,4,483.42,1933.67
2023-11-23,South,Grocery,Cooking Oil,Female,28.0,2,315.2,851.05
2024-08-20,North,Clothing,T-Shirt,Male,44.0,1,775.5,775.5
2023-10-16,East,Clothing,Jacket,Male,49.0,1,1155.97,1560.56
2024-08-15,East,Sports,Yoga Mat,Female,46.0,5,1092.72,5463.6
2024-10-25,North,Electronics,Smartphone,Female,41.0,5,3184.08,21492.56
2024-07-26,Central,Clothing,T-Shirt,Female,33.0,3,909.46,2728.39
2024-07-26,North,Electronics,Laptop,Male,35.0,4,3173.04,12692.15
2023-12-20,South,Beauty,Lipstick,Male,,5,557.16,3760.81
2023-01-28,West,Electronics,Smartwatch,Male,31.0,5,2881.4,14407.0
2023-02-12,South,Grocery,Cooking Oil,Male,43.0,1,461.08,368.86
2024-11-11,Central,Electronics,Smartphone,Male,16.0,4,2602.22,14052.01
2024-02-27,West,Grocery,Cooking Oil,Male,17.0,3,289.36,694.46
2024-08-20,West,Beauty,Shampoo,Male,16.0,5,660.12,3300.61
2023-06-26,North,Clothing,Jacket,Male,25.0,5,846.5,4232.52
2024-06-12,North,Home & Kitchen,Mixer,Male,48.0,5,1492.61,7463.03
2024-09-01,South,Clothing,Jeans,Female,20.0,1,1138.12,1138.12
2024-05-08,East,Clothing,Jeans,Female,21.0,5,1199.29,5996.44
2023-07-17,West,Beauty,Perfume,Male,24.0,5,752.03,3760.16
2024-09-01,Central,Clothing,Jeans,Female,46.0,1,778.0,778.0
2024-07-30,West,Grocery,Cooking Oil,Female,49.0,5,485.09,2425.46
2024-05-31,Central,Clothing,T-Shirt,Female,45.0,4,858.8,3435.2
2024-05-28,West,Clothing,Sneakers,Male,45.0,4,736.51,2946.05
2023-01-22,South,Clothing,Jeans,Male,52.0,1,944.68,944.68
2023-04-22,South,Home & Kitchen,Vacuum Cleaner,Female,16.0,4,1811.55,7246.2
2023-02-26,West,Home & Kitchen,Mixer,Male,20.0,3,1137.43,2729.84
2023-03-07,North,Grocery,Snacks Pack,Female,26.0,5,400.4,2002.0
2023-04-08,North,Clothing,T-Shirt,Female,35.0,3,1170.59,3511.77
2023-05-24,East,Electronics,Headphones,Female,35.0,4,2826.39,11305.56
2024-03-10,Central,Grocery,Cooking Oil,Male,35.0,1,414.82,414.82
2024-09-28,North,Beauty,Shampoo,Male,43.0,1,587.96,587.96
2024-11-09,West,Electronics,Smartphone,Male,16.0,3,3167.66,12829.03
2023-03-27,West,Grocery,Beverages,Female,32.0,4,313.8,1255.2
2024-08-10,East,Clothing,Sneakers,Male,36.0,5,1023.37,5116.84
2023-12-10,North,Grocery,Snacks Pack,Female,30.0,4,333.44,1800.6
2023-10-21,North,Beauty,Shampoo,Male,36.0,4,768.98,4152.49
2024-07-24,West,Beauty,Lipstick,Male,45.0,1,824.42,824.42
2024-10-11,West,Grocery,Cooking Oil,Male,34.0,2,474.1,1280.06
2024-09-02,Central,Clothing,Sneakers,Female,57.0,5,732.77,3663.85
2024-12-04,East,Beauty,Lipstick,Female,44.0,5,425.96,2875.23
2023-08-31,North,Home & Kitchen,Mixer,Male,36.0,1,1510.39,1510.39
2024-07-14,North,Electronics,Smartphone,Female,39.0,4,3872.7,15490.8
2023-02-01,West,Home & Kitchen,Cookware Set,Female,42.0,1,2076.33,1661.06
2024-01-26,North,Sports,Dumbbells,Female,52.0,4,1373.24,5492.94
2023-10-04,South,Beauty,Shampoo,Female,46.0,2,663.83,1792.34
2024-06-15,East,Electronics,Smartwatch,Male,39.0,2,2299.03,4598.06
2023-06-03,North,Grocery,Cooking Oil,Male,25.0,3,447.26,1341.77
2024-01-18,South,Beauty,Face Cream,Female,38.0,4,494.4,1977.6
2023-03-09,South,Clothing,Jeans,Male,40.0,1,665.03,665.03
2023-08-02,South,Home & Kitchen,Mixer,Male,42.0,1,1942.88,1942.88
2024-10-16,North,Grocery,Snacks Pack,Male,25.0,1,383.73,518.04
2024-01-11,West,Home & Kitchen,Cookware Set,Female,42.0,3,1184.98,3554.94
2023-08-01,West,Electronics,Smartphone,Male,42.0,5,3105.86,15529.28
2023-03-20,South,Grocery,Cooking Oil,Female,20.0,1,265.96,265.96
2024-12-26,West,Sports,Cricket Bat,Male,20.0,2,1261.27,3405.42
2024-09-19,South,Grocery,Cooking Oil,Female,46.0,1,314.19,314.19
2024-08-26,East,Grocery,Cooking Oil,Male,24.0,1,457.19,457.19
2024-01-16,Central,Clothing,Sneakers,Female,50.0,1,855.41,855.41
2024-11-10,West,Electronics,Laptop,Female,30.0,5,3347.98,22598.86
2023-02-27,West,Grocery,Rice 5kg,Female,38.0,1,260.56,208.45
2023-01-26,North,Clothing,Sneakers,Male,37.0,5,803.62,4018.12
2024-03-22,North,Beauty,Face Cream,Female,26.0,5,704.24,3521.21
2023-03-07,Central,Electronics,Smartwatch,Male,49.0,3,3889.23,11667.69
2023-09-11,South,Home & Kitchen,Vacuum Cleaner,Male,30.0,2,1304.96,2609.93
2023-02-13,South,Clothing,Sneakers,Female,34.0,1,947.41,757.93
2023-04-07,West,Sports,Cricket Bat,Female,16.0,1,1399.5,1399.5
2024-07-07,Central,Electronics,Smartphone,Female,19.0,1,3091.0,3091.0
2023-08-15,Central,Electronics,Smartphone,Female,46.0,5,2539.65,12698.24
2024-11-09,South,Clothing,Jacket,Male,33.0,4,902.08,4871.22
2024-03-11,Central,Beauty,Face Cream,Female,27.0,2,672.26,1344.53
2024-08-23,North,Clothing,T-Shirt,Male,27.0,1,634.66,634.66
2024-01-14,North,Clothing,T-Shirt,Female,40.0,4,849.6,3398.39
2023-06-27,West,Electronics,Laptop,Female,47.0,4,3600.66,14402.62
2024-03-02,North,Grocery,Cooking Oil,Male,27.0,4,478.22,1912.87
2024-12-09,South,Electronics,Smartwatch,Male,46.0,2,3155.15,8518.9
2023-11-03,West,Clothing,Jacket,Male,32.0,4,732.67,3956.43
2024-05-18,South,Clothing,Sneakers,Male,39.0,1,966.56,966.56
2023-09-25,North,Home & Kitchen,Cookware Set,Male,16.0,1,1350.04,1350.04
2024-08-08,South,Grocery,Snacks Pack,Male,16.0,3,297.62,892.86
2023-01-08,East,Home & Kitchen,Cookware Set,Female,43.0,5,1669.92,8349.62
2024-05-22,East,Sports,Dumbbells,Male,37.0,4,1475.23,5900.92
2024-04-20,West,Sports,Cricket Bat,Male,38.0,5,1413.12,7065.61
2023-10-24,West,Clothing,T-Shirt,Male,22.0,5,744.84,5027.7
2023-06-13,East,Grocery,Beverages,Male,29.0,5,432.64,2163.2
2024-04-29,Central,Grocery,Rice 5kg,Female,16.0,5,301.32,1506.59
2024-08-19,North,Beauty,Lipstick,Female,24.0,5,542.09,2710.47
2023-03-13,South,Home & Kitchen,Vacuum Cleaner,Male,33.0,1,2016.05,2016.05
2024-07-20,Central,Home & Kitchen,Vacuum Cleaner,Female,37.0,2,2006.6,4013.21
2024-07-12,South,Clothing,Jacket,Female,26.0,4,736.24,2944.95
2023-08-26,Central,Beauty,Face Cream,Female,40.0,4,446.96,1787.84
2023-04-14,East,Clothing,Jeans,Female,33.0,1,814.66,814.66
2023-07-29,West,Clothing,T-Shirt,Male,31.0,1,996.52,996.52
2024-07-07,South,Clothing,T-Shirt,Male,34.0,5,1182.44,5912.21
2024-04-12,South,Clothing,Jeans,Male,57.0,2,704.87,1409.74
2024-03-29,South,Home & Kitchen,Cookware Set,Male,32.0,4,1485.71,5942.83
2023-09-25,West,Electronics,Smartphone,Female,44.0,3,2848.72,8546.16
2024-01-21,East,Clothing,Jeans,Male,40.0,1,639.41,639.41
2024-01-22,Central,Sports,Cricket Bat,Male,31.0,3,1377.1,4131.31
2023-09-16,South,Clothing,Sneakers,Male,16.0,4,1142.37,4569.48
2023-10-10,North,Grocery,Snacks Pack,Female,27.0,1,299.2,403.92
2024-09-17,South,Electronics,Smartwatch,Female,34.0,4,2578.78,10315.11
2023-02-09,East,Clothing,T-Shirt,Female,32.0,1,721.07,576.86
2024-04-30,Central,Beauty,Shampoo,Male,48.0,4,614.86,2459.43
2023-08-08,South,Grocery,Snacks Pack,Female,25.0,3,305.39,916.17
2023-05-09,West,Clothing,Jacket,Male,32.0,2,952.15,1904.31
2024-06-03,South,Sports,Dumbbells,Male,39.0,1,1066.34,1066.34
2024-09-04,East,Sports,Cricket Bat,Male,30.0,3,932.39,2797.16
2024-11-18,Central,Sports,Cricket Bat,Female,44.0,4,1348.42,7281.46
2024-09-10,South,Home & Kitchen,Mixer,Female,22.0,3,1207.88,3623.65
2024-09-04,South,Electronics,Laptop,Female,17.0,1,4029.54,4029.54
2023-09-17,Central,Grocery,Beverages,Female,30.0,3,382.55,1147.66
2024-01-01,Central,Grocery,Snacks Pack,Male,33.0,4,448.85,1795.4
2024-06-27,East,Electronics,Laptop,Male,36.0,5,2250.66,11253.3
2024-10-10,East,Grocery,Cooking Oil,Male,35.0,2,428.55,1157.09
2024-06-07,South,Electronics,Smartwatch,Female,29.0,2,2355.39,4710.79
2023-01-16,East,Home & Kitchen,Cookware Set,Female,17.0,5,2047.6,10238.02
2023-05-09,Central,Clothing,T-Shirt,Female,32.0,1,1072.73,1072.73
2024-07-28,West,Grocery,Snacks Pack,Female,22.0,3,323.44,970.33
2023-04-19,South,Clothing,Sneakers,Female,34.0,3,831.51,2494.52
2024-06-16,North,Beauty,Face Cream,Female,21.0,5,781.83,3909.13
2024-10-31,South,Home & Kitchen,Bedsheet,Female,38.0,5,1997.98,13486.38
2023-09-26,North,Grocery,Snacks Pack,Female,52.0,4,463.44,1853.74
2023-06-11,North,Sports,Dumbbells,Female,26.0,4,1392.73,5570.92
2023-09-17,South,Grocery,Rice 5kg,Female,20.0,2,445.66,891.33
2023-04-12,North,Sports,Football,Female,46.0,1,1211.03,1211.03
2024-05-20,North,Electronics,Laptop,Male,53.0,1,2303.24,2303.24
2024-07-24,East,Clothing,Jeans,Male,20.0,5,684.67,3423.34
2023-09-04,North,Electronics,Laptop,Male,32.0,2,3695.0,7390.0
2024-10-01,North,Clothing,T-Shirt,Male,39.0,2,882.73,2383.38
2024-06-20,South,Beauty,Perfume,Female,31.0,4,658.27,2633.08
2023-05-11,South,Electronics,Smartphone,Male,16.0,3,2757.61,8272.84
2023-12-19,East,Home & Kitchen,Vacuum Cleaner,Male,18.0,1,1731.89,2338.05
2023-07-15,North,Home & Kitchen,Mixer,Male,,2,1304.97,2609.94
2024-10-27,West,Home & Kitchen,Vacuum Cleaner,Female,22.0,4,1533.85,8282.81
2024-01-17,Central,Home & Kitchen,Cookware Set,Male,34.0,4,1552.66,6210.62
2024-10-06,West,Grocery,Rice 5kg,Male,46.0,4,288.53,1558.06
2023-08-15,East,Electronics,Smartphone,Male,19.0,3,4202.71,12608.12
2024-12-01,Central,Clothing,Jacket,Male,25.0,2,961.27,2595.42
2024-04-20,West,Grocery,Beverages,Female,21.0,5,457.36,2286.81
2024-04-21,North,Grocery,Cooking Oil,Male,37.0,5,309.32,1546.61
2023-09-22,South,Clothing,Jacket,Female,24.0,4,738.57,2954.29
2024-01-07,Central,Beauty,Lipstick,Female,22.0,4,427.57,1710.27
